{
  "results": [
    {
      "command": ".bytewax-v0.16.0/bin/python -m bytewax.run \"dataflows.dynamic:get_flow(long_input=True, heavy_map=True)\" -p16",
      "mean": 6.467275540460001,
      "stddev": 0.010619950880800998,
      "median": 6.47022891976,
      "user": 55.57336926000001,
      "system": 31.999663699999992,
      "min": 6.451915688260001,
      "max": 6.48374956826,
      "times": [
        6.451915688260001,
        6.470650244260001,
        6.46680346926,
        6.47394703326,
        6.45234694226,
        6.48374956826,
        6.47389678826,
        6.46980759526,
        6.45569688926,
        6.47394118626
      ],
      "exit_codes": [
        0,
        0,
        0,
        0,
        0,
        0,
        0,
        0,
        0,
        0
      ],
      "parameters": {
        "python": ".bytewax-v0.16.0/bin/python"
      }
    },
    {
      "command": ".bytewax-7b8caa3/bin/python -m bytewax.run \"dataflows.dynamic:get_flow(long_input=True, heavy_map=True)\" -p16",
      "mean": 6.418699973860001,
      "stddev": 0.006619385239807672,
      "median": 6.41636208576,
      "user": 41.64904146,
      "system": 5.753388200000001,
      "min": 6.413531460260001,
      "max": 6.43544529526,
      "times": [
        6.43544529526,
        6.4147502242600005,
        6.41489724126,
        6.418884617260001,
        6.42442715526,
        6.41659372326,
        6.413531460260001,
        6.416130448260001,
        6.41567552826,
        6.41666404526
      ],
      "exit_codes": [
        0,
        0,
        0,
        0,
        0,
        0,
        0,
        0,
        0,
        0
      ],
      "parameters": {
        "python": ".bytewax-7b8caa3/bin/python"
      }
    },
    {
      "command": ".bytewax-d96886f/bin/python -m bytewax.run \"dataflows.dynamic:get_flow(long_input=True, heavy_map=True)\" -p16",
      "mean": 6.563896730160001,
      "stddev": 0.006902371126195366,
      "median": 6.562858433760001,
      "user": 41.94176716,
      "system": 5.4435416000000005,
      "min": 6.55325687926,
      "max": 6.57510192726,
      "times": [
        6.566692354260001,
        6.56020775026,
        6.5651682112600005,
        6.55818522426,
        6.55945766426,
        6.56054865626,
        6.56666514926,
        6.57510192726,
        6.57368348526,
        6.55325687926
      ],
      "exit_codes": [
        0,
        0,
        0,
        0,
        0,
        0,
        0,
        0,
        0,
        0
      ],
      "parameters": {
        "python": ".bytewax-d96886f/bin/python"
      }
    }
  ]
}
