{
  "results": [
    {
      "command": ".bytewax-v0.16.0/bin/python -m bytewax.run \"dataflows.dynamic:get_flow(long_input=True, heavy_map=False)\" -p16",
      "mean": 6.4557379533,
      "stddev": 0.018220899998216755,
      "median": 6.4565915883,
      "user": 27.917903459999998,
      "system": 59.38838791999999,
      "min": 6.4336758113000005,
      "max": 6.4876396633,
      "times": [
        6.4387945113,
        6.473061014300001,
        6.4685061933000005,
        6.4876396633,
        6.452042774300001,
        6.4654643153,
        6.437202779300001,
        6.461140402300001,
        6.4398520683000005,
        6.4336758113000005
      ],
      "exit_codes": [
        0,
        0,
        0,
        0,
        0,
        0,
        0,
        0,
        0,
        0
      ],
      "parameters": {
        "python": ".bytewax-v0.16.0/bin/python"
      }
    },
    {
      "command": ".bytewax-7b8caa3/bin/python -m bytewax.run \"dataflows.dynamic:get_flow(long_input=True, heavy_map=False)\" -p16",
      "mean": 6.375425977300001,
      "stddev": 0.012974908889517611,
      "median": 6.3712195483,
      "user": 3.76812706,
      "system": 6.00417682,
      "min": 6.368505406300001,
      "max": 6.4118902873,
      "times": [
        6.4118902873,
        6.3699644413000005,
        6.3739748003,
        6.370106869300001,
        6.3750377783,
        6.3724608583,
        6.368505406300001,
        6.3722874823,
        6.3698802353,
        6.3701516143
      ],
      "exit_codes": [
        0,
        0,
        0,
        0,
        0,
        0,
        0,
        0,
        0,
        0
      ],
      "parameters": {
        "python": ".bytewax-7b8caa3/bin/python"
      }
    },
    {
      "command": ".bytewax-d96886f/bin/python -m bytewax.run \"dataflows.dynamic:get_flow(long_input=True, heavy_map=False)\" -p16",
      "mean": 6.406500756599999,
      "stddev": 0.005964345705861162,
      "median": 6.405554453800001,
      "user": 2.9821787599999996,
      "system": 5.25012532,
      "min": 6.3996526203,
      "max": 6.419498126300001,
      "times": [
        6.409743687300001,
        6.403265639300001,
        6.4106454883,
        6.3997011483,
        6.404994562300001,
        6.406114345300001,
        6.419498126300001,
        6.4028479183,
        6.408544030300001,
        6.3996526203
      ],
      "exit_codes": [
        0,
        0,
        0,
        0,
        0,
        0,
        0,
        0,
        0,
        0
      ],
      "parameters": {
        "python": ".bytewax-d96886f/bin/python"
      }
    }
  ]
}
