{
  "results": [
    {
      "command": ".bytewax-v0.16.0/bin/python -m bytewax.run \"dataflows.dynamic:get_flow(long_input=False, heavy_map=True)\" -p16",
      "mean": 3.86496196874,
      "stddev": 0.04666186547290525,
      "median": 3.87349168054,
      "user": 45.55916069999999,
      "system": 3.4251767400000004,
      "min": 3.76208286654,
      "max": 3.93167999854,
      "times": [
        3.76208286654,
        3.8346361675400003,
        3.88090047354,
        3.93167999854,
        3.90322718054,
        3.84663240854,
        3.84679234854,
        3.86608288754,
        3.88106365154,
        3.89652170454
      ],
      "exit_codes": [
        0,
        0,
        0,
        0,
        0,
        0,
        0,
        0,
        0,
        0
      ],
      "parameters": {
        "python": ".bytewax-v0.16.0/bin/python"
      }
    },
    {
      "command": ".bytewax-7b8caa3/bin/python -m bytewax.run \"dataflows.dynamic:get_flow(long_input=False, heavy_map=True)\" -p16",
      "mean": 3.8250924245399993,
      "stddev": 0.023473377254065973,
      "median": 3.82205514254,
      "user": 40.914378,
      "system": 3.1943527399999994,
      "min": 3.79198042754,
      "max": 3.8711082885400003,
      "times": [
        3.80071293754,
        3.82023691454,
        3.82158226654,
        3.82252801854,
        3.85248390254,
        3.8711082885400003,
        3.83043748554,
        3.80817812554,
        3.79198042754,
        3.83167587854
      ],
      "exit_codes": [
        0,
        0,
        0,
        0,
        0,
        0,
        0,
        0,
        0,
        0
      ],
      "parameters": {
        "python": ".bytewax-7b8caa3/bin/python"
      }
    },
    {
      "command": ".bytewax-d96886f/bin/python -m bytewax.run \"dataflows.dynamic:get_flow(long_input=False, heavy_map=True)\" -p16",
      "mean": 3.83736167324,
      "stddev": 0.017861347569122946,
      "median": 3.83305124954,
      "user": 40.61600500000001,
      "system": 3.14919664,
      "min": 3.80859683654,
      "max": 3.86808291854,
      "times": [
        3.83158187554,
        3.8473014455400003,
        3.86808291854,
        3.82213392454,
        3.82542472754,
        3.85140055454,
        3.85532111854,
        3.8292527075400002,
        3.80859683654,
        3.83452062354
      ],
      "exit_codes": [
        0,
        0,
        0,
        0,
        0,
        0,
        0,
        0,
        0,
        0
      ],
      "parameters": {
        "python": ".bytewax-d96886f/bin/python"
      }
    }
  ]
}
