{
  "results": [
    {
      "command": ".bytewax-v0.16.0/bin/python -m bytewax.run \"dataflows.dynamic:get_flow(long_input=False, heavy_map=False)\" -p16",
      "mean": 1.17610162364,
      "stddev": 0.0222411742932646,
      "median": 1.17477962624,
      "user": 3.8305794399999997,
      "system": 1.3012467599999997,
      "min": 1.14807568824,
      "max": 1.2175886682400001,
      "times": [
        1.15874073424,
        1.18516853124,
        1.14807568824,
        1.17531084824,
        1.2175886682400001,
        1.20014641424,
        1.1540569362400002,
        1.15829359924,
        1.1893864122400002,
        1.17424840424
      ],
      "exit_codes": [
        0,
        0,
        0,
        0,
        0,
        0,
        0,
        0,
        0,
        0
      ],
      "parameters": {
        "python": ".bytewax-v0.16.0/bin/python"
      }
    },
    {
      "command": ".bytewax-7b8caa3/bin/python -m bytewax.run \"dataflows.dynamic:get_flow(long_input=False, heavy_map=False)\" -p16",
      "mean": 1.13271042304,
      "stddev": 0.007721859144376116,
      "median": 1.13045380974,
      "user": 1.23433504,
      "system": 1.1168755599999998,
      "min": 1.12655316324,
      "max": 1.1529731092400002,
      "times": [
        1.1529731092400002,
        1.13364970724,
        1.12655316324,
        1.12949323324,
        1.12981688224,
        1.12756290024,
        1.13503892124,
        1.12700558324,
        1.13109073724,
        1.1339199932400001
      ],
      "exit_codes": [
        0,
        0,
        0,
        0,
        0,
        0,
        0,
        0,
        0,
        0
      ],
      "parameters": {
        "python": ".bytewax-7b8caa3/bin/python"
      }
    },
    {
      "command": ".bytewax-d96886f/bin/python -m bytewax.run \"dataflows.dynamic:get_flow(long_input=False, heavy_map=False)\" -p16",
      "mean": 1.30158979964,
      "stddev": 0.002978465290470268,
      "median": 1.3013595792400001,
      "user": 1.2395975399999997,
      "system": 1.2656878599999997,
      "min": 1.2965088822400002,
      "max": 1.3052512442400002,
      "times": [
        1.30148925624,
        1.2979074802400001,
        1.29976513424,
        1.30371494724,
        1.2965088822400002,
        1.30504284824,
        1.30415478124,
        1.3012299022400002,
        1.30083352024,
        1.3052512442400002
      ],
      "exit_codes": [
        0,
        0,
        0,
        0,
        0,
        0,
        0,
        0,
        0,
        0
      ],
      "parameters": {
        "python": ".bytewax-d96886f/bin/python"
      }
    }
  ]
}
