{
  "results": [
    {
      "command": ".bytewax-main/bin/python -m bytewax.run \"dataflows.dynamic:get_flow(long_input=True, heavy_map=True)\" -p16",
      "mean": 6.47168468136,
      "stddev": 0.022609151836577433,
      "median": 6.4675136773599995,
      "user": 41.95786164,
      "system": 47.014789959999995,
      "min": 6.44653321236,
      "max": 6.52752585136,
      "times": [
        6.44653321236,
        6.47911808336,
        6.45989823136,
        6.52752585136,
        6.47572191636,
        6.45466585336,
        6.46550184236,
        6.46952551236,
        6.48130582136,
        6.45705048936
      ],
      "exit_codes": [
        0,
        0,
        0,
        0,
        0,
        0,
        0,
        0,
        0,
        0
      ],
      "parameters": {
        "python": ".bytewax-main/bin/python"
      }
    },
    {
      "command": ".bytewax-dea24dd/bin/python -m bytewax.run \"dataflows.dynamic:get_flow(long_input=True, heavy_map=True)\" -p16",
      "mean": 6.40975243836,
      "stddev": 0.008335080837285631,
      "median": 6.4075601758600005,
      "user": 21.741660839999998,
      "system": 13.727375659999998,
      "min": 6.40453271936,
      "max": 6.43269501636,
      "times": [
        6.43269501636,
        6.40596414236,
        6.40865699036,
        6.40544736036,
        6.41055965236,
        6.40469266636,
        6.40931353636,
        6.40646336136,
        6.40453271936,
        6.40919893836
      ],
      "exit_codes": [
        0,
        0,
        0,
        0,
        0,
        0,
        0,
        0,
        0,
        0
      ],
      "parameters": {
        "python": ".bytewax-dea24dd/bin/python"
      }
    },
    {
      "command": ".bytewax-2fa6676/bin/python -m bytewax.run \"dataflows.dynamic:get_flow(long_input=True, heavy_map=True)\" -p16",
      "mean": 6.09001574596,
      "stddev": 0.48070112071982235,
      "median": 6.38642933736,
      "user": 19.996090539999994,
      "system": 11.505279559999998,
      "min": 5.3904096713600005,
      "max": 6.39268630636,
      "times": [
        5.3981951093600005,
        6.39124187836,
        6.38246886936,
        5.3904096713600005,
        6.39268630636,
        6.3887036873600005,
        6.39189837636,
        6.38592545836,
        5.39169488636,
        6.38693321636
      ],
      "exit_codes": [
        0,
        0,
        0,
        0,
        0,
        0,
        0,
        0,
        0,
        0
      ],
      "parameters": {
        "python": ".bytewax-2fa6676/bin/python"
      }
    },
    {
      "command": ".bytewax-9ae21a2/bin/python -m bytewax.run \"dataflows.dynamic:get_flow(long_input=True, heavy_map=True)\" -p16",
      "mean": 6.2005937283599994,
      "stddev": 0.41998316886749454,
      "median": 6.39787711086,
      "user": 19.431297539999996,
      "system": 11.13396646,
      "min": 5.39964218936,
      "max": 6.40987905336,
      "times": [
        5.40793144836,
        6.39770663436,
        6.40343551736,
        6.39332446436,
        6.39545054836,
        5.39964218936,
        6.4011940243600005,
        6.39932581636,
        6.40987905336,
        6.39804758736
      ],
      "exit_codes": [
        0,
        0,
        0,
        0,
        0,
        0,
        0,
        0,
        0,
        0
      ],
      "parameters": {
        "python": ".bytewax-9ae21a2/bin/python"
      }
    },
    {
      "command": ".bytewax-8b5a9d7/bin/python -m bytewax.run \"dataflows.dynamic:get_flow(long_input=True, heavy_map=True)\" -p16",
      "mean": 6.39486529136,
      "stddev": 0.007277598266120714,
      "median": 6.395121830360001,
      "user": 20.166880839999997,
      "system": 11.940339259999998,
      "min": 6.38448550136,
      "max": 6.4081784843600005,
      "times": [
        6.4081784843600005,
        6.39885219936,
        6.40291714236,
        6.38762153936,
        6.38865051136,
        6.39682105436,
        6.39496387736,
        6.39527978336,
        6.39088282036,
        6.38448550136
      ],
      "exit_codes": [
        0,
        0,
        0,
        0,
        0,
        0,
        0,
        0,
        0,
        0
      ],
      "parameters": {
        "python": ".bytewax-8b5a9d7/bin/python"
      }
    }
  ]
}
