{
  "results": [
    {
      "command": ".bytewax-v0.16.0/bin/python -m bytewax.run \"dataflows.dynamic:get_flow(long_input=False, heavy_map=False)\" -p16",
      "mean": 1.1694081189799999,
      "stddev": 0.013986486861105365,
      "median": 1.16844345158,
      "user": 5.170366339999999,
      "system": 1.3243760200000003,
      "min": 1.1484536785800001,
      "max": 1.1889743565800002,
      "times": [
        1.15733512058,
        1.1484536785800001,
        1.16897449558,
        1.18072030458,
        1.1592586205800002,
        1.15710726558,
        1.16791240758,
        1.1889743565800002,
        1.17736621158,
        1.18797872858
      ],
      "exit_codes": [
        0,
        0,
        0,
        0,
        0,
        0,
        0,
        0,
        0,
        0
      ],
      "parameters": {
        "python": ".bytewax-v0.16.0/bin/python"
      }
    },
    {
      "command": ".bytewax-7b8caa3/bin/python -m bytewax.run \"dataflows.dynamic:get_flow(long_input=False, heavy_map=False)\" -p16",
      "mean": 1.13114620608,
      "stddev": 0.014923835043920735,
      "median": 1.12708817458,
      "user": 1.1639862399999998,
      "system": 1.11970492,
      "min": 1.12257189458,
      "max": 1.17323093258,
      "times": [
        1.17323093258,
        1.1269279705800002,
        1.12340902958,
        1.12257189458,
        1.12646736958,
        1.1280849235800001,
        1.12743211858,
        1.12920626358,
        1.12688317958,
        1.12724837858
      ],
      "exit_codes": [
        0,
        0,
        0,
        0,
        0,
        0,
        0,
        0,
        0,
        0
      ],
      "parameters": {
        "python": ".bytewax-7b8caa3/bin/python"
      }
    },
    {
      "command": ".bytewax-08939c7/bin/python -m bytewax.run \"dataflows.dynamic:get_flow(long_input=False, heavy_map=False)\" -p16",
      "mean": 1.1088054692800002,
      "stddev": 0.001495701718245798,
      "median": 1.10864740158,
      "user": 1.1444204399999998,
      "system": 1.0860677200000002,
      "min": 1.10712949058,
      "max": 1.1112532325800002,
      "times": [
        1.10714303858,
        1.10864931658,
        1.11060468058,
        1.1093856745800001,
        1.10712949058,
        1.10729676158,
        1.11011664558,
        1.1112532325800002,
        1.1078303655800001,
        1.1086454865800002
      ],
      "exit_codes": [
        0,
        0,
        0,
        0,
        0,
        0,
        0,
        0,
        0,
        0
      ],
      "parameters": {
        "python": ".bytewax-08939c7/bin/python"
      }
    }
  ]
}
