{
  "results": [
    {
      "command": ".bytewax-v0.16.0/bin/python -m bytewax.run \"dataflows.dynamic:get_flow(long_input=False, heavy_map=True)\" -p16",
      "mean": 3.2670660202199997,
      "stddev": 0.16460007306161153,
      "median": 3.21736481532,
      "user": 24.85249738,
      "system": 12.428986319999998,
      "min": 3.0526087508199997,
      "max": 3.57208297482,
      "times": [
        3.0526087508199997,
        3.10760144682,
        3.23874610082,
        3.22039441182,
        3.49604627482,
        3.21433521882,
        3.37324000882,
        3.57208297482,
        3.21048926682,
        3.18511574782
      ],
      "exit_codes": [
        0,
        0,
        0,
        0,
        0,
        0,
        0,
        0,
        0,
        0
      ],
      "parameters": {
        "python": ".bytewax-v0.16.0/bin/python"
      }
    },
    {
      "command": ".bytewax-main/bin/python -m bytewax.run \"dataflows.dynamic:get_flow(long_input=False, heavy_map=True)\" -p16",
      "mean": 3.2620389668199996,
      "stddev": 0.09681630699141713,
      "median": 3.27411746732,
      "user": 26.16415028,
      "system": 11.553203920000001,
      "min": 3.13130625882,
      "max": 3.42122130382,
      "times": [
        3.42122130382,
        3.29152182082,
        3.13199921882,
        3.3294788128199997,
        3.13130625882,
        3.2872986738199996,
        3.25434558582,
        3.35318410082,
        3.26093626082,
        3.15909763182
      ],
      "exit_codes": [
        0,
        0,
        0,
        0,
        0,
        0,
        0,
        0,
        0,
        0
      ],
      "parameters": {
        "python": ".bytewax-main/bin/python"
      }
    },
    {
      "command": ".bytewax-7b8caa3/bin/python -m bytewax.run \"dataflows.dynamic:get_flow(long_input=False, heavy_map=True)\" -p16",
      "mean": 3.09799781712,
      "stddev": 0.03176745684851346,
      "median": 3.09079876632,
      "user": 19.88497378,
      "system": 11.90692322,
      "min": 3.06023576682,
      "max": 3.1510026238199997,
      "times": [
        3.1334523228199997,
        3.1510026238199997,
        3.10605645982,
        3.07642358282,
        3.07643166182,
        3.10516587082,
        3.07241566182,
        3.0686985288199997,
        3.13009569182,
        3.06023576682
      ],
      "exit_codes": [
        0,
        0,
        0,
        0,
        0,
        0,
        0,
        0,
        0,
        0
      ],
      "parameters": {
        "python": ".bytewax-7b8caa3/bin/python"
      }
    },
    {
      "command": ".bytewax-08939c7/bin/python -m bytewax.run \"dataflows.dynamic:get_flow(long_input=False, heavy_map=True)\" -p16",
      "mean": 3.10802746082,
      "stddev": 0.027576987365622637,
      "median": 3.10349341932,
      "user": 19.868740680000002,
      "system": 11.882793419999999,
      "min": 3.06040682982,
      "max": 3.16264759082,
      "times": [
        3.09395402582,
        3.10948214582,
        3.11553313582,
        3.09658404782,
        3.12757614382,
        3.06040682982,
        3.16264759082,
        3.08941385882,
        3.09750469282,
        3.12717213682
      ],
      "exit_codes": [
        0,
        0,
        0,
        0,
        0,
        0,
        0,
        0,
        0,
        0
      ],
      "parameters": {
        "python": ".bytewax-08939c7/bin/python"
      }
    }
  ]
}
