{
  "results": [
    {
      "command": ".bytewax-b1bc759/bin/python -m bytewax.run \"dataflows.dynamic:get_flow(long_input=False, heavy_map=False)\" -p16",
      "mean": 1.1108107257,
      "stddev": 0.001379137632943463,
      "median": 1.1110774707000002,
      "user": 0.94183012,
      "system": 0.31376866000000003,
      "min": 1.1078860047,
      "max": 1.1128328617,
      "times": [
        1.1095079307,
        1.1121224717,
        1.1111462977000002,
        1.1128328617,
        1.1112159967000002,
        1.1112807617,
        1.1109933437000001,
        1.1078860047,
        1.1101129447,
        1.1110086437
      ],
      "exit_codes": [
        0,
        0,
        0,
        0,
        0,
        0,
        0,
        0,
        0,
        0
      ],
      "parameters": {
        "python": ".bytewax-b1bc759/bin/python"
      }
    },
    {
      "command": ".bytewax-9ae21a2/bin/python -m bytewax.run \"dataflows.dynamic:get_flow(long_input=False, heavy_map=False)\" -p16",
      "mean": 1.1116984959000002,
      "stddev": 0.002818287879289021,
      "median": 1.1129145207000002,
      "user": 0.90490012,
      "system": 0.33126126000000006,
      "min": 1.1069247157000002,
      "max": 1.1149599317,
      "times": [
        1.1099025207000002,
        1.1132386577000002,
        1.1069247157000002,
        1.1099346387,
        1.1078980067000002,
        1.1139633057,
        1.1149599317,
        1.1141488457000002,
        1.1125903837000002,
        1.1134239527
      ],
      "exit_codes": [
        0,
        0,
        0,
        0,
        0,
        0,
        0,
        0,
        0,
        0
      ],
      "parameters": {
        "python": ".bytewax-9ae21a2/bin/python"
      }
    },
    {
      "command": ".bytewax-8b5a9d7/bin/python -m bytewax.run \"dataflows.dynamic:get_flow(long_input=False, heavy_map=False)\" -p16",
      "mean": 1.1146532,
      "stddev": 0.0029444624969553273,
      "median": 1.1147897222,
      "user": 0.88896792,
      "system": 0.30852416,
      "min": 1.1101347367,
      "max": 1.1195611097,
      "times": [
        1.1195611097,
        1.1126001907,
        1.1174547507,
        1.1139460837000001,
        1.1160290217000002,
        1.1138940947,
        1.1101347367,
        1.1156333607,
        1.1108576557,
        1.1164209957
      ],
      "exit_codes": [
        0,
        0,
        0,
        0,
        0,
        0,
        0,
        0,
        0,
        0
      ],
      "parameters": {
        "python": ".bytewax-8b5a9d7/bin/python"
      }
    }
  ]
}
