{
  "results": [
    {
      "command": ".bytewax-main/bin/python -m bytewax.run \"dataflows.dynamic:get_flow(long_input=False, heavy_map=True)\" -p16",
      "mean": 3.13461384028,
      "stddev": 0.1513011672159156,
      "median": 3.07750350248,
      "user": 25.978089060000002,
      "system": 11.48077622,
      "min": 2.9896541179800002,
      "max": 3.46056725398,
      "times": [
        3.00221183298,
        3.07586087198,
        2.9896541179800002,
        3.07914613298,
        3.01937891698,
        3.07217088498,
        3.10710449298,
        3.26278025598,
        3.27726364198,
        3.46056725398
      ],
      "exit_codes": [
        0,
        0,
        0,
        0,
        0,
        0,
        0,
        0,
        0,
        0
      ],
      "parameters": {
        "python": ".bytewax-main/bin/python"
      }
    },
    {
      "command": ".bytewax-dea24dd/bin/python -m bytewax.run \"dataflows.dynamic:get_flow(long_input=False, heavy_map=True)\" -p16",
      "mean": 3.09349663378,
      "stddev": 0.03441499126909411,
      "median": 3.08442205198,
      "user": 20.732727259999997,
      "system": 11.026934619999999,
      "min": 3.06304504298,
      "max": 3.16631143898,
      "times": [
        3.16631143898,
        3.06592618498,
        3.06304504298,
        3.07052969798,
        3.08860813398,
        3.14112764898,
        3.09727005898,
        3.09409749698,
        3.08023596998,
        3.0678146639799997
      ],
      "exit_codes": [
        0,
        0,
        0,
        0,
        0,
        0,
        0,
        0,
        0,
        0
      ],
      "parameters": {
        "python": ".bytewax-dea24dd/bin/python"
      }
    },
    {
      "command": ".bytewax-2fa6676/bin/python -m bytewax.run \"dataflows.dynamic:get_flow(long_input=False, heavy_map=True)\" -p16",
      "mean": 3.04385916918,
      "stddev": 0.006578362133469495,
      "median": 3.04303111098,
      "user": 20.69004356,
      "system": 10.57548322,
      "min": 3.03493810798,
      "max": 3.05195835498,
      "times": [
        3.05195835498,
        3.03830146298,
        3.03493810798,
        3.04771998498,
        3.03727800498,
        3.05191895698,
        3.03878643798,
        3.05162815898,
        3.04185543498,
        3.04420678698
      ],
      "exit_codes": [
        0,
        0,
        0,
        0,
        0,
        0,
        0,
        0,
        0,
        0
      ],
      "parameters": {
        "python": ".bytewax-2fa6676/bin/python"
      }
    },
    {
      "command": ".bytewax-9ae21a2/bin/python -m bytewax.run \"dataflows.dynamic:get_flow(long_input=False, heavy_map=True)\" -p16",
      "mean": 3.0444913799799997,
      "stddev": 0.005434400075870081,
      "median": 3.0446192859799996,
      "user": 20.70799146,
      "system": 10.70365722,
      "min": 3.03593429298,
      "max": 3.05213735298,
      "times": [
        3.03761563598,
        3.04896580998,
        3.04453467298,
        3.04200724198,
        3.04470389898,
        3.04989061198,
        3.03593429298,
        3.04059769798,
        3.0485265839799998,
        3.05213735298
      ],
      "exit_codes": [
        0,
        0,
        0,
        0,
        0,
        0,
        0,
        0,
        0,
        0
      ],
      "parameters": {
        "python": ".bytewax-9ae21a2/bin/python"
      }
    },
    {
      "command": ".bytewax-8b5a9d7/bin/python -m bytewax.run \"dataflows.dynamic:get_flow(long_input=False, heavy_map=True)\" -p16",
      "mean": 2.94303412898,
      "stddev": 0.3029107695191411,
      "median": 3.0375902349799997,
      "user": 20.634343059999996,
      "system": 10.59108382,
      "min": 2.08114067598,
      "max": 3.05113822598,
      "times": [
        3.03812902098,
        3.03869803498,
        3.0295909659799998,
        3.0488835069799998,
        3.05113822598,
        3.0346255319799997,
        2.08114067598,
        3.03716984098,
        3.03801062898,
        3.03295485698
      ],
      "exit_codes": [
        0,
        0,
        0,
        0,
        0,
        0,
        0,
        0,
        0,
        0
      ],
      "parameters": {
        "python": ".bytewax-8b5a9d7/bin/python"
      }
    }
  ]
}
