{
  "results": [
    {
      "command": ".bytewax-v0.16.0/bin/python -m bytewax.run \"dataflows.dynamic:get_flow(long_input=True, heavy_map=True)\" -p16",
      "mean": 6.468936240220001,
      "stddev": 0.01536203087193928,
      "median": 6.46962964062,
      "user": 41.40505836,
      "system": 48.2219755,
      "min": 6.43719693262,
      "max": 6.49164471362,
      "times": [
        6.43719693262,
        6.46549377262,
        6.46916369562,
        6.47784475362,
        6.46779848462,
        6.49164471362,
        6.47557489662,
        6.48239719062,
        6.45215237662,
        6.47009558562
      ],
      "exit_codes": [
        0,
        0,
        0,
        0,
        0,
        0,
        0,
        0,
        0,
        0
      ],
      "parameters": {
        "python": ".bytewax-v0.16.0/bin/python"
      }
    },
    {
      "command": ".bytewax-7b8caa3/bin/python -m bytewax.run \"dataflows.dynamic:get_flow(long_input=True, heavy_map=True)\" -p16",
      "mean": 6.415747012919999,
      "stddev": 0.01026730595061884,
      "median": 6.41261946512,
      "user": 21.49704066,
      "system": 15.583214700000003,
      "min": 6.40423712362,
      "max": 6.44101373362,
      "times": [
        6.44101373362,
        6.41368401762,
        6.41289558962,
        6.41528972162,
        6.41230502762,
        6.41234334062,
        6.40423712362,
        6.42469930962,
        6.41232642062,
        6.40867584462
      ],
      "exit_codes": [
        0,
        0,
        0,
        0,
        0,
        0,
        0,
        0,
        0,
        0
      ],
      "parameters": {
        "python": ".bytewax-7b8caa3/bin/python"
      }
    }
  ]
}
