{
  "results": [
    {
      "command": ".bytewax-main/bin/python -m bytewax.run \"dataflows.dynamic:get_flow(long_input=False, heavy_map=False)\" -p16",
      "mean": 1.17923242834,
      "stddev": 0.019204308275567395,
      "median": 1.18130597714,
      "user": 5.552729439999999,
      "system": 1.15626264,
      "min": 1.15532764714,
      "max": 1.21029774414,
      "times": [
        1.1958692751400002,
        1.15840933014,
        1.15532764714,
        1.19508468214,
        1.15665831414,
        1.19080868914,
        1.16725664714,
        1.17773822814,
        1.21029774414,
        1.1848737261400002
      ],
      "exit_codes": [
        0,
        0,
        0,
        0,
        0,
        0,
        0,
        0,
        0,
        0
      ],
      "parameters": {
        "python": ".bytewax-main/bin/python"
      }
    },
    {
      "command": ".bytewax-08939c7/bin/python -m bytewax.run \"dataflows.dynamic:get_flow(long_input=False, heavy_map=False)\" -p16",
      "mean": 1.11034531354,
      "stddev": 0.006295160951694491,
      "median": 1.1078840031400001,
      "user": 1.1628334399999998,
      "system": 1.12515404,
      "min": 1.10613394814,
      "max": 1.1272386781400001,
      "times": [
        1.1272386781400001,
        1.10744621914,
        1.11310400414,
        1.10613394814,
        1.1072754011400001,
        1.1096907581400002,
        1.11039238914,
        1.10797830014,
        1.1077897061400002,
        1.1064037311400001
      ],
      "exit_codes": [
        0,
        0,
        0,
        0,
        0,
        0,
        0,
        0,
        0,
        0
      ],
      "parameters": {
        "python": ".bytewax-08939c7/bin/python"
      }
    },
    {
      "command": ".bytewax-af89c20/bin/python -m bytewax.run \"dataflows.dynamic:get_flow(long_input=False, heavy_map=False)\" -p16",
      "mean": 1.10754664614,
      "stddev": 0.00216255971766338,
      "median": 1.10800653614,
      "user": 0.9706434400000001,
      "system": 0.35660344000000005,
      "min": 1.10450649214,
      "max": 1.1105544741400002,
      "times": [
        1.10496197414,
        1.1066413911400002,
        1.10780244314,
        1.10821062914,
        1.1099686931400001,
        1.10508119614,
        1.10845184714,
        1.10450649214,
        1.1105544741400002,
        1.10928732114
      ],
      "exit_codes": [
        0,
        0,
        0,
        0,
        0,
        0,
        0,
        0,
        0,
        0
      ],
      "parameters": {
        "python": ".bytewax-af89c20/bin/python"
      }
    }
  ]
}
