{
  "results": [
    {
      "command": ".bytewax-v0.16.0/bin/python -m bytewax.run \"dataflows.dynamic:get_flow(long_input=False, heavy_map=False)\" -p16",
      "mean": 1.17337132386,
      "stddev": 0.01593167194714226,
      "median": 1.17318679346,
      "user": 4.1185960999999995,
      "system": 1.2641416199999997,
      "min": 1.14154991546,
      "max": 1.19381555746,
      "times": [
        1.16957768246,
        1.1845268844599999,
        1.14154991546,
        1.18429987346,
        1.19381555746,
        1.16931142546,
        1.18938782646,
        1.15664454146,
        1.17679590446,
        1.16780362746
      ],
      "user_times": [
        7.3938304,
        2.8667793999999995,
        2.5301853999999997,
        9.3753434,
        2.0586344,
        3.7333433999999994,
        3.0317763999999996,
        2.6748153999999995,
        4.7701354,
        2.7511173999999996
      ],
      "system_times": [
        1.53219472,
        1.1520167199999998,
        1.08775172,
        1.66098972,
        1.1557737199999998,
        1.2177177199999998,
        1.22158372,
        1.1308687199999998,
        1.3161817199999999,
        1.1663377199999998
      ],
      "exit_codes": [
        0,
        0,
        0,
        0,
        0,
        0,
        0,
        0,
        0,
        0
      ],
      "parameters": {
        "python": ".bytewax-v0.16.0/bin/python"
      }
    },
    {
      "command": ".bytewax-7b8caa3/bin/python -m bytewax.run \"dataflows.dynamic:get_flow(long_input=False, heavy_map=False)\" -p16",
      "mean": 1.1333806044599999,
      "stddev": 0.005148431069645313,
      "median": 1.1312036759600002,
      "user": 1.1812509,
      "system": 1.14483232,
      "min": 1.12736200446,
      "max": 1.14537570546,
      "times": [
        1.14537570546,
        1.13547382846,
        1.13015653646,
        1.13542047646,
        1.1302680114599999,
        1.12736200446,
        1.13066757646,
        1.13680187946,
        1.13173977546,
        1.13054025046
      ],
      "user_times": [
        1.2428484,
        1.2979794,
        1.1442334,
        1.1558694,
        1.0575894,
        1.1800394,
        1.2217924,
        1.1818854,
        1.1726294,
        1.1576424
      ],
      "system_times": [
        1.1611957199999998,
        1.10365272,
        1.1433947199999999,
        1.1459547199999998,
        1.19168272,
        1.18668172,
        1.1707287199999998,
        1.0939217199999998,
        1.14512672,
        1.1059837199999998
      ],
      "exit_codes": [
        0,
        0,
        0,
        0,
        0,
        0,
        0,
        0,
        0,
        0
      ],
      "parameters": {
        "python": ".bytewax-7b8caa3/bin/python"
      }
    }
  ]
}
