{
  "results": [
    {
      "command": ".bytewax-main/bin/python -m bytewax.run \"dataflows.dynamic:get_flow(long_input=True, heavy_map=True)\" -p16",
      "mean": 6.47094171806,
      "stddev": 0.022020686536844088,
      "median": 6.47319316346,
      "user": 40.82232166,
      "system": 46.4605193,
      "min": 6.42435376596,
      "max": 6.49715767196,
      "times": [
        6.42435376596,
        6.48519803496,
        6.48662241496,
        6.46942940296,
        6.45113546296,
        6.4769569239600004,
        6.49715767196,
        6.46659573796,
        6.45929760896,
        6.49267015596
      ],
      "exit_codes": [
        0,
        0,
        0,
        0,
        0,
        0,
        0,
        0,
        0,
        0
      ],
      "parameters": {
        "python": ".bytewax-main/bin/python"
      }
    },
    {
      "command": ".bytewax-08939c7/bin/python -m bytewax.run \"dataflows.dynamic:get_flow(long_input=True, heavy_map=True)\" -p16",
      "mean": 6.40785672596,
      "stddev": 0.009810323017426906,
      "median": 6.40651321096,
      "user": 21.055480760000002,
      "system": 14.214576099999999,
      "min": 6.39811725596,
      "max": 6.43366908196,
      "times": [
        6.43366908196,
        6.40331348796,
        6.40709452696,
        6.40688332996,
        6.40884805796,
        6.40261515196,
        6.41063998696,
        6.39811725596,
        6.40124328796,
        6.40614309196
      ],
      "exit_codes": [
        0,
        0,
        0,
        0,
        0,
        0,
        0,
        0,
        0,
        0
      ],
      "parameters": {
        "python": ".bytewax-08939c7/bin/python"
      }
    },
    {
      "command": ".bytewax-af89c20/bin/python -m bytewax.run \"dataflows.dynamic:get_flow(long_input=True, heavy_map=True)\" -p16",
      "mean": 6.29247814316,
      "stddev": 0.313545180069635,
      "median": 6.38925593946,
      "user": 20.19914486,
      "system": 11.0559433,
      "min": 5.40022770396,
      "max": 6.40465072096,
      "times": [
        6.39100655096,
        6.38836735196,
        6.38928199496,
        6.38922988396,
        6.38848055496,
        6.38710047996,
        6.39359756296,
        6.39283862696,
        5.40022770396,
        6.40465072096
      ],
      "exit_codes": [
        0,
        0,
        0,
        0,
        0,
        0,
        0,
        0,
        0,
        0
      ],
      "parameters": {
        "python": ".bytewax-af89c20/bin/python"
      }
    }
  ]
}
