{
  "results": [
    {
      "command": ".bytewax-v0.16.0/bin/python -m bytewax.run \"dataflows.dynamic:get_flow(long_input=True, heavy_map=True)\" -p16",
      "mean": 6.4840753716999995,
      "stddev": 0.011703295680131653,
      "median": 6.4843882778,
      "user": 38.758998,
      "system": 47.667024860000005,
      "min": 6.4645321598,
      "max": 6.507705510799999,
      "times": [
        6.507705510799999,
        6.4854531008,
        6.4778707868,
        6.4953577468,
        6.4835897158,
        6.4645321598,
        6.477432332799999,
        6.487680323799999,
        6.4759451998,
        6.4851868398
      ],
      "user_times": [
        39.3309781,
        39.9811701,
        37.1844891,
        38.4209171,
        37.8453281,
        37.9155991,
        40.7344681,
        38.6257191,
        38.8864921,
        38.6648191
      ],
      "system_times": [
        47.32101256,
        46.93630356,
        46.20021956,
        48.15915256,
        48.44472256,
        48.197606560000004,
        48.36757556,
        47.71591156,
        47.50519656,
        47.822547560000004
      ],
      "exit_codes": [
        0,
        0,
        0,
        0,
        0,
        0,
        0,
        0,
        0,
        0
      ],
      "parameters": {
        "python": ".bytewax-v0.16.0/bin/python"
      }
    },
    {
      "command": ".bytewax-7b8caa3/bin/python -m bytewax.run \"dataflows.dynamic:get_flow(long_input=True, heavy_map=True)\" -p16",
      "mean": 6.414635563499999,
      "stddev": 0.010589540391511205,
      "median": 6.4125923273,
      "user": 21.711075900000004,
      "system": 15.30723476,
      "min": 6.4031783238,
      "max": 6.4425044858,
      "times": [
        6.4425044858,
        6.412997690799999,
        6.4142493888,
        6.4144443888,
        6.417789045799999,
        6.4075274058,
        6.4121869638,
        6.4116331038,
        6.4098448378,
        6.4031783238
      ],
      "user_times": [
        21.9751681,
        21.518194100000002,
        21.8494351,
        21.7649551,
        21.8285241,
        21.8214621,
        21.6165951,
        21.4767331,
        21.5639831,
        21.695709100000002
      ],
      "system_times": [
        15.22941356,
        15.461005559999998,
        15.02755156,
        15.42026056,
        15.402357559999999,
        14.909262559999998,
        15.39319456,
        15.52340956,
        15.312974559999999,
        15.392917559999999
      ],
      "exit_codes": [
        0,
        0,
        0,
        0,
        0,
        0,
        0,
        0,
        0,
        0
      ],
      "parameters": {
        "python": ".bytewax-7b8caa3/bin/python"
      }
    }
  ]
}
