{
  "results": [
    {
      "command": ".bytewax-v0.16.0/bin/python -m bytewax.run \"dataflows.dynamic:get_flow(long_input=True, heavy_map=True)\" -p16",
      "mean": 6.462377462479999,
      "stddev": 0.016137564261426183,
      "median": 6.45653682768,
      "user": 41.42445446,
      "system": 48.81213193999999,
      "min": 6.44480486118,
      "max": 6.49725976918,
      "times": [
        6.45802616018,
        6.44480486118,
        6.47651279918,
        6.44971511418,
        6.49725976918,
        6.45504749518,
        6.4527831421799995,
        6.46762392218,
        6.44955418018,
        6.47244718118
      ],
      "exit_codes": [
        0,
        0,
        0,
        0,
        0,
        0,
        0,
        0,
        0,
        0
      ],
      "parameters": {
        "python": ".bytewax-v0.16.0/bin/python"
      }
    },
    {
      "command": ".bytewax-7b8caa3/bin/python -m bytewax.run \"dataflows.dynamic:get_flow(long_input=True, heavy_map=True)\" -p16",
      "mean": 6.40617824718,
      "stddev": 0.006854837937049335,
      "median": 6.40611476418,
      "user": 20.734744359999997,
      "system": 14.76710694,
      "min": 6.39895808718,
      "max": 6.42325588718,
      "times": [
        6.42325588718,
        6.40526443218,
        6.40788363218,
        6.40389190318,
        6.407490785179999,
        6.40103992418,
        6.4069650961799995,
        6.39895808718,
        6.40720665018,
        6.39982607418
      ],
      "exit_codes": [
        0,
        0,
        0,
        0,
        0,
        0,
        0,
        0,
        0,
        0
      ],
      "parameters": {
        "python": ".bytewax-7b8caa3/bin/python"
      }
    },
    {
      "command": ".bytewax-08939c7/bin/python -m bytewax.run \"dataflows.dynamic:get_flow(long_input=True, heavy_map=True)\" -p16",
      "mean": 6.401657267679999,
      "stddev": 0.004316279594902855,
      "median": 6.402262545679999,
      "user": 20.68867866,
      "system": 14.76118094,
      "min": 6.394254367179999,
      "max": 6.41001227618,
      "times": [
        6.40330710518,
        6.41001227618,
        6.39788171918,
        6.40324943918,
        6.40074706018,
        6.394254367179999,
        6.40452337918,
        6.40158307618,
        6.40294201518,
        6.39807223918
      ],
      "exit_codes": [
        0,
        0,
        0,
        0,
        0,
        0,
        0,
        0,
        0,
        0
      ],
      "parameters": {
        "python": ".bytewax-08939c7/bin/python"
      }
    }
  ]
}
