{
  "results": [
    {
      "command": ".bytewax-b1bc759/bin/python -m bytewax.run \"dataflows.dynamic:get_flow(long_input=False, heavy_map=True)\" -p16",
      "mean": 3.0381276193,
      "stddev": 0.036405458421451986,
      "median": 3.0257796454,
      "user": 19.519926719999994,
      "system": 11.90432762,
      "min": 3.0160845264,
      "max": 3.1394206793999997,
      "times": [
        3.0268653484,
        3.0243892744,
        3.0239184384,
        3.0242236524,
        3.0256636144,
        3.0258956764,
        3.0283183863999996,
        3.0160845264,
        3.0464965964,
        3.1394206793999997
      ],
      "exit_codes": [
        0,
        0,
        0,
        0,
        0,
        0,
        0,
        0,
        0,
        0
      ],
      "parameters": {
        "python": ".bytewax-b1bc759/bin/python"
      }
    },
    {
      "command": ".bytewax-9ae21a2/bin/python -m bytewax.run \"dataflows.dynamic:get_flow(long_input=False, heavy_map=True)\" -p16",
      "mean": 3.1248761875,
      "stddev": 0.00883915710155412,
      "median": 3.1244550284,
      "user": 21.066167019999998,
      "system": 11.28615652,
      "min": 3.1109623114,
      "max": 3.1390971343999996,
      "times": [
        3.1390971343999996,
        3.1364034714,
        3.1221880584,
        3.1155701454,
        3.1232728834,
        3.1281681864,
        3.1109623114,
        3.1180730933999996,
        3.1256371734,
        3.1293894173999997
      ],
      "exit_codes": [
        0,
        0,
        0,
        0,
        0,
        0,
        0,
        0,
        0,
        0
      ],
      "parameters": {
        "python": ".bytewax-9ae21a2/bin/python"
      }
    },
    {
      "command": ".bytewax-8b5a9d7/bin/python -m bytewax.run \"dataflows.dynamic:get_flow(long_input=False, heavy_map=True)\" -p16",
      "mean": 3.1180445213999994,
      "stddev": 0.006287893626881656,
      "median": 3.1191333919,
      "user": 20.849827819999998,
      "system": 11.25257572,
      "min": 3.1074059004,
      "max": 3.1255139254,
      "times": [
        3.1240984324,
        3.1211364834,
        3.1116759024,
        3.1074059004,
        3.1245893764,
        3.1168782064,
        3.1201828394,
        3.1180839444,
        3.1108802034,
        3.1255139254
      ],
      "exit_codes": [
        0,
        0,
        0,
        0,
        0,
        0,
        0,
        0,
        0,
        0
      ],
      "parameters": {
        "python": ".bytewax-8b5a9d7/bin/python"
      }
    }
  ]
}
