{
  "results": [
    {
      "command": ".bytewax-main/bin/python -m bytewax.run \"dataflows.dynamic:get_flow(long_input=False, heavy_map=False)\" -p16",
      "mean": 1.1775945836600001,
      "stddev": 0.03170613602409443,
      "median": 1.17172639146,
      "user": 4.49257668,
      "system": 1.0920506399999996,
      "min": 1.13988799696,
      "max": 1.25029134596,
      "times": [
        1.13988799696,
        1.1651661479600002,
        1.14827735496,
        1.1679845849600001,
        1.2074580589600001,
        1.1792698459600002,
        1.1754681979600001,
        1.1598836109600001,
        1.1822586919600002,
        1.25029134596
      ],
      "exit_codes": [
        0,
        0,
        0,
        0,
        0,
        0,
        0,
        0,
        0,
        0
      ],
      "parameters": {
        "python": ".bytewax-main/bin/python"
      }
    },
    {
      "command": ".bytewax-dea24dd/bin/python -m bytewax.run \"dataflows.dynamic:get_flow(long_input=False, heavy_map=False)\" -p16",
      "mean": 1.11600881976,
      "stddev": 0.01220401267781427,
      "median": 1.11207924596,
      "user": 1.3832209800000004,
      "system": 0.90360744,
      "min": 1.10778018596,
      "max": 1.14988821496,
      "times": [
        1.14988821496,
        1.1174400749600002,
        1.1107176759600002,
        1.11162846396,
        1.10778018596,
        1.11173674296,
        1.11332665196,
        1.1099492829600002,
        1.11519915496,
        1.1124217489600001
      ],
      "exit_codes": [
        0,
        0,
        0,
        0,
        0,
        0,
        0,
        0,
        0,
        0
      ],
      "parameters": {
        "python": ".bytewax-dea24dd/bin/python"
      }
    },
    {
      "command": ".bytewax-2fa6676/bin/python -m bytewax.run \"dataflows.dynamic:get_flow(long_input=False, heavy_map=False)\" -p16",
      "mean": 1.071566353883077,
      "stddev": 0.19546624763711803,
      "median": 1.1084135774600001,
      "user": 0.9527011030769229,
      "system": 0.34922101692307694,
      "min": 0.11343541496000001,
      "max": 1.12125643296,
      "times": [
        0.11343541496000001,
        1.12125643296,
        1.10923000896,
        1.11229654096,
        1.10655192796,
        1.10488997496,
        1.11018272496,
        1.11299883396,
        1.1060022249600001,
        1.1070908139600002,
        1.10946090696,
        1.10649146896,
        1.1086888169600002,
        1.1061788379600002,
        1.10686033896,
        1.10792569796,
        1.1108763619600002,
        1.1070215949600002,
        1.10505507196,
        1.1060823049600002,
        1.10813833796,
        1.11759631896,
        1.11751128896,
        1.11269266796,
        1.1126261129600001,
        1.11358417396
      ],
      "exit_codes": [
        0,
        0,
        0,
        0,
        0,
        0,
        0,
        0,
        0,
        0,
        0,
        0,
        0,
        0,
        0,
        0,
        0,
        0,
        0,
        0,
        0,
        0,
        0,
        0,
        0,
        0
      ],
      "parameters": {
        "python": ".bytewax-2fa6676/bin/python"
      }
    },
    {
      "command": ".bytewax-9ae21a2/bin/python -m bytewax.run \"dataflows.dynamic:get_flow(long_input=False, heavy_map=False)\" -p16",
      "mean": 1.10945950516,
      "stddev": 0.0027891691202826053,
      "median": 1.11020066046,
      "user": 0.9443949799999999,
      "system": 0.38416673999999995,
      "min": 1.10241446996,
      "max": 1.11267686996,
      "times": [
        1.1092725089600002,
        1.10808014296,
        1.11267686996,
        1.11022752796,
        1.11026525796,
        1.10241446996,
        1.1101737929600002,
        1.1090658289600002,
        1.11102823996,
        1.1113904119600002
      ],
      "exit_codes": [
        0,
        0,
        0,
        0,
        0,
        0,
        0,
        0,
        0,
        0
      ],
      "parameters": {
        "python": ".bytewax-9ae21a2/bin/python"
      }
    },
    {
      "command": ".bytewax-8b5a9d7/bin/python -m bytewax.run \"dataflows.dynamic:get_flow(long_input=False, heavy_map=False)\" -p16",
      "mean": 1.11414568166,
      "stddev": 0.0019396061135131706,
      "median": 1.11419652796,
      "user": 0.9098971799999998,
      "system": 0.36824203999999994,
      "min": 1.11046727296,
      "max": 1.1173890269600002,
      "times": [
        1.11375861696,
        1.1173890269600002,
        1.1131139519600002,
        1.11046727296,
        1.11482718496,
        1.1163874949600001,
        1.11467415096,
        1.1135545099600002,
        1.11463443896,
        1.11265016796
      ],
      "exit_codes": [
        0,
        0,
        0,
        0,
        0,
        0,
        0,
        0,
        0,
        0
      ],
      "parameters": {
        "python": ".bytewax-8b5a9d7/bin/python"
      }
    }
  ]
}
