{
  "results": [
    {
      "command": ".bytewax-v0.16.0/bin/python -m bytewax.run \"dataflows.dynamic:get_flow(long_input=False, heavy_map=False)\" -p16",
      "mean": 1.1725396750600001,
      "stddev": 0.015025982544107235,
      "median": 1.1664498275600002,
      "user": 3.4890937,
      "system": 1.2295138399999996,
      "min": 1.15804217256,
      "max": 1.1956106695600002,
      "times": [
        1.16268212056,
        1.16871816856,
        1.1954212745600001,
        1.18948867856,
        1.16065175856,
        1.16418148656,
        1.17034797356,
        1.15804217256,
        1.16025244756,
        1.1956106695600002
      ],
      "exit_codes": [
        0,
        0,
        0,
        0,
        0,
        0,
        0,
        0,
        0,
        0
      ],
      "parameters": {
        "python": ".bytewax-v0.16.0/bin/python"
      }
    },
    {
      "command": ".bytewax-7b8caa3/bin/python -m bytewax.run \"dataflows.dynamic:get_flow(long_input=False, heavy_map=False)\" -p16",
      "mean": 1.1343080908599998,
      "stddev": 0.0068470375962193485,
      "median": 1.13278434706,
      "user": 1.2199083,
      "system": 1.1193621399999998,
      "min": 1.12400825456,
      "max": 1.15055719856,
      "times": [
        1.15055719856,
        1.1332005225600001,
        1.13126595856,
        1.1321614475600001,
        1.13569933456,
        1.12400825456,
        1.1340817835600001,
        1.13876451756,
        1.13097371956,
        1.13236817156
      ],
      "exit_codes": [
        0,
        0,
        0,
        0,
        0,
        0,
        0,
        0,
        0,
        0
      ],
      "parameters": {
        "python": ".bytewax-7b8caa3/bin/python"
      }
    }
  ]
}
