{
  "results": [
    {
      "command": ".bytewax-v0.16.0/bin/python -m bytewax.run \"dataflows.dynamic:get_flow(long_input=False, heavy_map=False)\" -p16",
      "mean": 1.1919493518200004,
      "stddev": 0.0185217382992681,
      "median": 1.1946330558200002,
      "user": 5.49391834,
      "system": 1.4166253399999997,
      "min": 1.16384563882,
      "max": 1.22869919182,
      "times": [
        1.17010895382,
        1.19761316082,
        1.1894765738200002,
        1.20489709282,
        1.1968233968200002,
        1.17765091982,
        1.16384563882,
        1.19244271482,
        1.22869919182,
        1.1979358748200002
      ],
      "exit_codes": [
        0,
        0,
        0,
        0,
        0,
        0,
        0,
        0,
        0,
        0
      ],
      "parameters": {
        "python": ".bytewax-v0.16.0/bin/python"
      }
    },
    {
      "command": ".bytewax-main/bin/python -m bytewax.run \"dataflows.dynamic:get_flow(long_input=False, heavy_map=False)\" -p16",
      "mean": 1.18227981562,
      "stddev": 0.014190995139093962,
      "median": 1.1825143148200001,
      "user": 4.8220240400000005,
      "system": 1.09315834,
      "min": 1.1543042758200002,
      "max": 1.2034464828200002,
      "times": [
        1.1543042758200002,
        1.1948811058200002,
        1.18199461782,
        1.17477643282,
        1.19550079282,
        1.1843838258200001,
        1.18185911382,
        1.16861749682,
        1.18303401182,
        1.2034464828200002
      ],
      "exit_codes": [
        0,
        0,
        0,
        0,
        0,
        0,
        0,
        0,
        0,
        0
      ],
      "parameters": {
        "python": ".bytewax-main/bin/python"
      }
    },
    {
      "command": ".bytewax-7b8caa3/bin/python -m bytewax.run \"dataflows.dynamic:get_flow(long_input=False, heavy_map=False)\" -p16",
      "mean": 1.13070159192,
      "stddev": 0.009853144921771948,
      "median": 1.12822979882,
      "user": 1.20005994,
      "system": 1.10986494,
      "min": 1.12341870582,
      "max": 1.1579025708200001,
      "times": [
        1.1579025708200001,
        1.13012706982,
        1.12341870582,
        1.12845416382,
        1.12771997082,
        1.12800543382,
        1.1308828078200002,
        1.1239922848200001,
        1.12718848182,
        1.12932442982
      ],
      "exit_codes": [
        0,
        0,
        0,
        0,
        0,
        0,
        0,
        0,
        0,
        0
      ],
      "parameters": {
        "python": ".bytewax-7b8caa3/bin/python"
      }
    },
    {
      "command": ".bytewax-08939c7/bin/python -m bytewax.run \"dataflows.dynamic:get_flow(long_input=False, heavy_map=False)\" -p16",
      "mean": 1.1089193709200003,
      "stddev": 0.0013357363722881041,
      "median": 1.10922388982,
      "user": 1.13813684,
      "system": 1.09081034,
      "min": 1.1071878888200002,
      "max": 1.1107550558200001,
      "times": [
        1.1104373038200002,
        1.10952186982,
        1.1081350568200001,
        1.1107550558200001,
        1.1089259098200002,
        1.1074976568200001,
        1.10988792482,
        1.10963795382,
        1.1071878888200002,
        1.10720708882
      ],
      "exit_codes": [
        0,
        0,
        0,
        0,
        0,
        0,
        0,
        0,
        0,
        0
      ],
      "parameters": {
        "python": ".bytewax-08939c7/bin/python"
      }
    }
  ]
}
