{
  "results": [
    {
      "command": ".bytewax-v0.16.0/bin/python -m bytewax.run \"dataflows.dynamic:get_flow(long_input=True, heavy_map=False)\" -p16",
      "mean": 6.45842674094,
      "stddev": 0.020829982733812664,
      "median": 6.454229822539999,
      "user": 29.33259726,
      "system": 59.438132459999984,
      "min": 6.43755053954,
      "max": 6.50388276954,
      "times": [
        6.44058650854,
        6.482022189539999,
        6.44011752654,
        6.451586896539999,
        6.43755053954,
        6.46130215254,
        6.50388276954,
        6.4568727485399995,
        6.44762183454,
        6.462724243539999
      ],
      "exit_codes": [
        0,
        0,
        0,
        0,
        0,
        0,
        0,
        0,
        0,
        0
      ],
      "parameters": {
        "python": ".bytewax-v0.16.0/bin/python"
      }
    },
    {
      "command": ".bytewax-7b8caa3/bin/python -m bytewax.run \"dataflows.dynamic:get_flow(long_input=True, heavy_map=False)\" -p16",
      "mean": 6.37445854444,
      "stddev": 0.014297979058345593,
      "median": 6.37012192054,
      "user": 3.88700246,
      "system": 6.128343359999999,
      "min": 6.3667962525399995,
      "max": 6.41466743454,
      "times": [
        6.41466743454,
        6.36983492354,
        6.370881929539999,
        6.36952011254,
        6.368061753539999,
        6.3676745305399995,
        6.37309219354,
        6.37040891754,
        6.3667962525399995,
        6.37364739654
      ],
      "exit_codes": [
        0,
        0,
        0,
        0,
        0,
        0,
        0,
        0,
        0,
        0
      ],
      "parameters": {
        "python": ".bytewax-7b8caa3/bin/python"
      }
    },
    {
      "command": ".bytewax-08939c7/bin/python -m bytewax.run \"dataflows.dynamic:get_flow(long_input=True, heavy_map=False)\" -p16",
      "mean": 6.369844758739999,
      "stddev": 0.0016250599087682214,
      "median": 6.37016274554,
      "user": 3.7804736599999997,
      "system": 6.049282460000001,
      "min": 6.367191023539999,
      "max": 6.371848056539999,
      "times": [
        6.371051233539999,
        6.371848056539999,
        6.36968034554,
        6.367191023539999,
        6.370645145539999,
        6.3686192645399995,
        6.368413266539999,
        6.371842948539999,
        6.3707828725399995,
        6.368373430539999
      ],
      "exit_codes": [
        0,
        0,
        0,
        0,
        0,
        0,
        0,
        0,
        0,
        0
      ],
      "parameters": {
        "python": ".bytewax-08939c7/bin/python"
      }
    }
  ]
}
