{
  "results": [
    {
      "command": ".bytewax-main/bin/python -m bytewax.run \"dataflows.dynamic:get_flow(long_input=True, heavy_map=False)\" -p16",
      "mean": 6.4506988013000015,
      "stddev": 0.025321904159141748,
      "median": 6.4544158619,
      "user": 29.859029139999997,
      "system": 57.766509259999985,
      "min": 6.4076019064,
      "max": 6.491541258400001,
      "times": [
        6.4076019064,
        6.415401941400001,
        6.4519614994,
        6.4419816354,
        6.478667128400001,
        6.456873502400001,
        6.491541258400001,
        6.4479237074,
        6.4568702244,
        6.458165209400001
      ],
      "exit_codes": [
        0,
        0,
        0,
        0,
        0,
        0,
        0,
        0,
        0,
        0
      ],
      "parameters": {
        "python": ".bytewax-main/bin/python"
      }
    },
    {
      "command": ".bytewax-dea24dd/bin/python -m bytewax.run \"dataflows.dynamic:get_flow(long_input=True, heavy_map=False)\" -p16",
      "mean": 6.375794347499999,
      "stddev": 0.013963320084368494,
      "median": 6.3716462814,
      "user": 4.77746204,
      "system": 4.995279459999999,
      "min": 6.3686289574,
      "max": 6.415183985400001,
      "times": [
        6.415183985400001,
        6.3686289574,
        6.3703798744,
        6.3715786864,
        6.3741208244,
        6.3717138764,
        6.3689056784,
        6.3719795134,
        6.3712248084,
        6.3742272704000005
      ],
      "exit_codes": [
        0,
        0,
        0,
        0,
        0,
        0,
        0,
        0,
        0,
        0
      ],
      "parameters": {
        "python": ".bytewax-dea24dd/bin/python"
      }
    },
    {
      "command": ".bytewax-2fa6676/bin/python -m bytewax.run \"dataflows.dynamic:get_flow(long_input=True, heavy_map=False)\" -p16",
      "mean": 6.3719765062,
      "stddev": 0.003195885433603347,
      "median": 6.3714947044,
      "user": 2.4417621400000002,
      "system": 1.7681562600000003,
      "min": 6.3683463144,
      "max": 6.377635858400001,
      "times": [
        6.371793348400001,
        6.377635858400001,
        6.3753452474,
        6.3684008604,
        6.3697316464,
        6.3694878224,
        6.3751788544000005,
        6.3726490494000005,
        6.3711960604,
        6.3683463144
      ],
      "exit_codes": [
        0,
        0,
        0,
        0,
        0,
        0,
        0,
        0,
        0,
        0
      ],
      "parameters": {
        "python": ".bytewax-2fa6676/bin/python"
      }
    },
    {
      "command": ".bytewax-9ae21a2/bin/python -m bytewax.run \"dataflows.dynamic:get_flow(long_input=True, heavy_map=False)\" -p16",
      "mean": 6.284249447800001,
      "stddev": 0.3166701919443368,
      "median": 6.3836656964000005,
      "user": 1.64346554,
      "system": 1.05637216,
      "min": 5.383012643400001,
      "max": 6.3877122344,
      "times": [
        6.3818644264,
        6.386314442400001,
        6.3877122344,
        6.386558299400001,
        6.3860937054,
        6.384561055400001,
        6.3827703374,
        5.383012643400001,
        6.3819294674,
        6.3816778664000005
      ],
      "exit_codes": [
        0,
        0,
        0,
        0,
        0,
        0,
        0,
        0,
        0,
        0
      ],
      "parameters": {
        "python": ".bytewax-9ae21a2/bin/python"
      }
    },
    {
      "command": ".bytewax-8b5a9d7/bin/python -m bytewax.run \"dataflows.dynamic:get_flow(long_input=True, heavy_map=False)\" -p16",
      "mean": 6.3873133411,
      "stddev": 0.003495565805425926,
      "median": 6.3869435429,
      "user": 2.6211032400000005,
      "system": 2.05449366,
      "min": 6.382776849400001,
      "max": 6.3921935064,
      "times": [
        6.3885389544,
        6.382776849400001,
        6.3850476314,
        6.383609298400001,
        6.391954253400001,
        6.3841524154,
        6.3921935064,
        6.3870444904,
        6.3868425954,
        6.3909734164000005
      ],
      "exit_codes": [
        0,
        0,
        0,
        0,
        0,
        0,
        0,
        0,
        0,
        0
      ],
      "parameters": {
        "python": ".bytewax-8b5a9d7/bin/python"
      }
    }
  ]
}
