{
  "results": [
    {
      "command": ".bytewax-v0.16.0/bin/python -m bytewax.run \"dataflows.dynamic:get_flow(long_input=True, heavy_map=False)\" -p16",
      "mean": 6.4686857799999995,
      "stddev": 0.02388870859125339,
      "median": 6.4705419658,
      "user": 27.090279059999993,
      "system": 60.13890728,
      "min": 6.4225728017999995,
      "max": 6.515243014799999,
      "times": [
        6.4225728017999995,
        6.480016753799999,
        6.515243014799999,
        6.476869220799999,
        6.4759388878,
        6.4571430708,
        6.4651450438,
        6.480729493799999,
        6.4542420518,
        6.4589574608
      ],
      "user_times": [
        25.890983659999996,
        28.653267659999997,
        26.27115366,
        26.16475666,
        25.674839659999996,
        31.972972659999996,
        26.907756659999997,
        25.573337659999996,
        25.518621659999997,
        28.275100659999996
      ],
      "system_times": [
        59.98166348,
        60.35423048,
        60.40343148,
        60.08423348,
        60.47850348,
        60.79675048,
        59.173153479999996,
        59.59018648,
        60.23522648,
        60.29169348
      ],
      "exit_codes": [
        0,
        0,
        0,
        0,
        0,
        0,
        0,
        0,
        0,
        0
      ],
      "parameters": {
        "python": ".bytewax-v0.16.0/bin/python"
      }
    },
    {
      "command": ".bytewax-7b8caa3/bin/python -m bytewax.run \"dataflows.dynamic:get_flow(long_input=True, heavy_map=False)\" -p16",
      "mean": 6.3786517599,
      "stddev": 0.015345344020528565,
      "median": 6.3740807163,
      "user": 3.82945876,
      "system": 6.04596268,
      "min": 6.370754679799999,
      "max": 6.4220782438,
      "times": [
        6.4220782438,
        6.3744474518,
        6.3752071308,
        6.3717732028,
        6.370754679799999,
        6.3735805787999995,
        6.3737139808,
        6.3761688898,
        6.3734579078,
        6.375335532799999
      ],
      "user_times": [
        4.18366966,
        3.71292966,
        3.80421366,
        3.8591916599999996,
        3.78101866,
        3.77114066,
        3.7651696599999998,
        3.8260646599999997,
        3.88998366,
        3.70120566
      ],
      "system_times": [
        6.04658848,
        6.12116448,
        5.96201048,
        6.18479448,
        6.02645448,
        5.99240748,
        5.953338479999999,
        5.97852348,
        6.099479479999999,
        6.094865479999999
      ],
      "exit_codes": [
        0,
        0,
        0,
        0,
        0,
        0,
        0,
        0,
        0,
        0
      ],
      "parameters": {
        "python": ".bytewax-7b8caa3/bin/python"
      }
    }
  ]
}
