{
  "results": [
    {
      "command": ".bytewax-v0.16.0/bin/python -m bytewax.run \"dataflows.dynamic:get_flow(long_input=False, heavy_map=True)\" -p16",
      "mean": 3.23801746038,
      "stddev": 0.1376453341833949,
      "median": 3.21571494438,
      "user": 27.072528399999992,
      "system": 12.220171399999998,
      "min": 2.9981578743800004,
      "max": 3.48738951738,
      "times": [
        2.9981578743800004,
        3.2965138193800003,
        3.35447415238,
        3.2313351053800003,
        3.48738951738,
        3.19660621338,
        3.15260270438,
        3.12371615238,
        3.3392842813800003,
        3.20009478338
      ],
      "exit_codes": [
        0,
        0,
        0,
        0,
        0,
        0,
        0,
        0,
        0,
        0
      ],
      "parameters": {
        "python": ".bytewax-v0.16.0/bin/python"
      }
    },
    {
      "command": ".bytewax-7b8caa3/bin/python -m bytewax.run \"dataflows.dynamic:get_flow(long_input=False, heavy_map=True)\" -p16",
      "mean": 3.07507724698,
      "stddev": 0.018344128883446734,
      "median": 3.07505488488,
      "user": 19.936518999999997,
      "system": 11.7640655,
      "min": 3.04753866138,
      "max": 3.10553312738,
      "times": [
        3.0871965443800002,
        3.07429135438,
        3.0568987833800003,
        3.07581841538,
        3.0833046573800003,
        3.05907754838,
        3.10553312738,
        3.04753866138,
        3.09605506238,
        3.06505831538
      ],
      "exit_codes": [
        0,
        0,
        0,
        0,
        0,
        0,
        0,
        0,
        0,
        0
      ],
      "parameters": {
        "python": ".bytewax-7b8caa3/bin/python"
      }
    },
    {
      "command": ".bytewax-08939c7/bin/python -m bytewax.run \"dataflows.dynamic:get_flow(long_input=False, heavy_map=True)\" -p16",
      "mean": 3.0756605869800007,
      "stddev": 0.037990850303288,
      "median": 3.06785172988,
      "user": 20.0073073,
      "system": 11.657109499999999,
      "min": 3.02903511938,
      "max": 3.1699734413800003,
      "times": [
        3.05369929738,
        3.09872153538,
        3.05312321938,
        3.0644055853800003,
        3.0606494683800003,
        3.07129787438,
        3.08086882338,
        3.07483150538,
        3.1699734413800003,
        3.02903511938
      ],
      "exit_codes": [
        0,
        0,
        0,
        0,
        0,
        0,
        0,
        0,
        0,
        0
      ],
      "parameters": {
        "python": ".bytewax-08939c7/bin/python"
      }
    }
  ]
}
