{
  "results": [
    {
      "command": ".bytewax-v0.16.0/bin/python -m bytewax.run \"dataflows.dynamic:get_flow(long_input=False, heavy_map=True)\" -p16",
      "mean": 3.3717263305200005,
      "stddev": 0.06263356072277648,
      "median": 3.34630744692,
      "user": 25.83655048,
      "system": 12.9933716,
      "min": 3.31215733292,
      "max": 3.48941959792,
      "times": [
        3.3263155929200003,
        3.3133413869200004,
        3.32119931892,
        3.48941959792,
        3.43973072992,
        3.3505658469200004,
        3.34204904692,
        3.39116160692,
        3.43132284492,
        3.31215733292
      ],
      "exit_codes": [
        0,
        0,
        0,
        0,
        0,
        0,
        0,
        0,
        0,
        0
      ],
      "parameters": {
        "python": ".bytewax-v0.16.0/bin/python"
      }
    },
    {
      "command": ".bytewax-7b8caa3/bin/python -m bytewax.run \"dataflows.dynamic:get_flow(long_input=False, heavy_map=True)\" -p16",
      "mean": 3.2021417425200007,
      "stddev": 0.019653455521731436,
      "median": 3.20340251092,
      "user": 20.897336779999996,
      "system": 12.605281699999999,
      "min": 3.15787025192,
      "max": 3.2356109769200003,
      "times": [
        3.21201884192,
        3.2015186629200003,
        3.2356109769200003,
        3.21219962892,
        3.19098989992,
        3.20793717292,
        3.15787025192,
        3.2020366509200002,
        3.20476837092,
        3.19646696792
      ],
      "exit_codes": [
        0,
        0,
        0,
        0,
        0,
        0,
        0,
        0,
        0,
        0
      ],
      "parameters": {
        "python": ".bytewax-7b8caa3/bin/python"
      }
    }
  ]
}
