{
  "results": [
    {
      "command": ".bytewax-v0.16.0/bin/python -m bytewax.run \"dataflows.dynamic:get_flow(long_input=False, heavy_map=True)\" -p16",
      "mean": 3.33951024804,
      "stddev": 0.07002023442611384,
      "median": 3.31949740834,
      "user": 26.685682139999994,
      "system": 12.639065259999997,
      "min": 3.2280761133399998,
      "max": 3.4701743543399997,
      "times": [
        3.2280761133399998,
        3.4701743543399997,
        3.2880007933399997,
        3.3055842523399996,
        3.40147533534,
        3.3998830123399997,
        3.36454001734,
        3.33013598834,
        3.29837378534,
        3.30885882834
      ],
      "user_times": [
        25.727430939999998,
        26.94631094,
        24.441552939999998,
        24.62576794,
        25.90283894,
        27.90756394,
        31.05929694,
        31.409171939999997,
        24.38354794,
        24.45333894
      ],
      "system_times": [
        12.591340559999999,
        12.758476559999998,
        12.46022556,
        12.586138559999998,
        12.787867559999999,
        12.801551559999998,
        12.464449559999998,
        12.94949056,
        12.295576559999999,
        12.69553556
      ],
      "exit_codes": [
        0,
        0,
        0,
        0,
        0,
        0,
        0,
        0,
        0,
        0
      ],
      "parameters": {
        "python": ".bytewax-v0.16.0/bin/python"
      }
    },
    {
      "command": ".bytewax-7b8caa3/bin/python -m bytewax.run \"dataflows.dynamic:get_flow(long_input=False, heavy_map=True)\" -p16",
      "mean": 3.19997224874,
      "stddev": 0.017708656565917816,
      "median": 3.1976330313399997,
      "user": 20.843546240000002,
      "system": 12.368857859999999,
      "min": 3.17763302034,
      "max": 3.2247616303399997,
      "times": [
        3.2119529343399997,
        3.19476152134,
        3.2247616303399997,
        3.22088454334,
        3.20050454134,
        3.1859106543399998,
        3.1868329043399997,
        3.17763302034,
        3.21726861834,
        3.17921211934
      ],
      "user_times": [
        20.380321939999998,
        21.24912894,
        20.89909894,
        20.88322894,
        20.79902994,
        20.99663794,
        20.47700494,
        20.83730094,
        21.12804894,
        20.78566094
      ],
      "system_times": [
        12.20271356,
        12.49567856,
        12.18443956,
        12.893172559999998,
        12.059919559999999,
        12.684742559999998,
        11.959550559999998,
        12.70385956,
        12.487285559999998,
        12.01721656
      ],
      "exit_codes": [
        0,
        0,
        0,
        0,
        0,
        0,
        0,
        0,
        0,
        0
      ],
      "parameters": {
        "python": ".bytewax-7b8caa3/bin/python"
      }
    }
  ]
}
