{
  "results": [
    {
      "command": ".bytewax-v0.16.0/bin/python -m bytewax.run \"dataflows.dynamic:get_flow(long_input=True, heavy_map=True)\" -p16",
      "mean": 6.4649870711799995,
      "stddev": 0.018344873277147993,
      "median": 6.46367937378,
      "user": 39.7458174,
      "system": 48.476610820000005,
      "min": 6.43726930178,
      "max": 6.4908175867799995,
      "times": [
        6.43726930178,
        6.48118855678,
        6.46819992978,
        6.45032382878,
        6.44318367978,
        6.45915881778,
        6.45799768878,
        6.4908175867799995,
        6.4855041267799995,
        6.47622719478
      ],
      "exit_codes": [
        0,
        0,
        0,
        0,
        0,
        0,
        0,
        0,
        0,
        0
      ],
      "parameters": {
        "python": ".bytewax-v0.16.0/bin/python"
      }
    },
    {
      "command": ".bytewax-main/bin/python -m bytewax.run \"dataflows.dynamic:get_flow(long_input=True, heavy_map=True)\" -p16",
      "mean": 6.461448079479998,
      "stddev": 0.010250784094314971,
      "median": 6.4601407567799995,
      "user": 42.3525165,
      "system": 47.16810092,
      "min": 6.44443893578,
      "max": 6.47827623378,
      "times": [
        6.47085752178,
        6.46145994178,
        6.45882157178,
        6.46699607578,
        6.44443893578,
        6.44999664978,
        6.46985563278,
        6.45554703178,
        6.47827623378,
        6.45823119978
      ],
      "exit_codes": [
        0,
        0,
        0,
        0,
        0,
        0,
        0,
        0,
        0,
        0
      ],
      "parameters": {
        "python": ".bytewax-main/bin/python"
      }
    },
    {
      "command": ".bytewax-7b8caa3/bin/python -m bytewax.run \"dataflows.dynamic:get_flow(long_input=True, heavy_map=True)\" -p16",
      "mean": 6.407589527080001,
      "stddev": 0.01106442943513689,
      "median": 6.40666924428,
      "user": 20.5333453,
      "system": 15.142203219999999,
      "min": 6.39763684578,
      "max": 6.43719362478,
      "times": [
        6.43719362478,
        6.40081511678,
        6.40868393878,
        6.40088170478,
        6.40730977378,
        6.40659323478,
        6.39763684578,
        6.40674525378,
        6.40191624678,
        6.40811953078
      ],
      "exit_codes": [
        0,
        0,
        0,
        0,
        0,
        0,
        0,
        0,
        0,
        0
      ],
      "parameters": {
        "python": ".bytewax-7b8caa3/bin/python"
      }
    },
    {
      "command": ".bytewax-08939c7/bin/python -m bytewax.run \"dataflows.dynamic:get_flow(long_input=True, heavy_map=True)\" -p16",
      "mean": 6.40453769088,
      "stddev": 0.004277403719257367,
      "median": 6.40498791628,
      "user": 20.3969282,
      "system": 15.19989132,
      "min": 6.39561463078,
      "max": 6.40910693678,
      "times": [
        6.40784715478,
        6.40370607178,
        6.40123155878,
        6.40910693678,
        6.40891506978,
        6.39561463078,
        6.40773654578,
        6.40567281778,
        6.40124310778,
        6.40430301478
      ],
      "exit_codes": [
        0,
        0,
        0,
        0,
        0,
        0,
        0,
        0,
        0,
        0
      ],
      "parameters": {
        "python": ".bytewax-08939c7/bin/python"
      }
    }
  ]
}
