{
  "results": [
    {
      "command": ".bytewax-main/bin/python -m bytewax.run \"dataflows.dynamic:get_flow(long_input=False, heavy_map=True)\" -p16",
      "mean": 3.2386670689200003,
      "stddev": 0.1622815658994522,
      "median": 3.23676721612,
      "user": 27.70090646,
      "system": 10.9640621,
      "min": 3.01033254762,
      "max": 3.5598729016200004,
      "times": [
        3.19768356462,
        3.01033254762,
        3.02035939562,
        3.18840474962,
        3.40663137562,
        3.23181891562,
        3.25501416062,
        3.2417155166200002,
        3.5598729016200004,
        3.27483756162
      ],
      "exit_codes": [
        0,
        0,
        0,
        0,
        0,
        0,
        0,
        0,
        0,
        0
      ],
      "parameters": {
        "python": ".bytewax-main/bin/python"
      }
    },
    {
      "command": ".bytewax-08939c7/bin/python -m bytewax.run \"dataflows.dynamic:get_flow(long_input=False, heavy_map=True)\" -p16",
      "mean": 3.09011823072,
      "stddev": 0.0337376081578942,
      "median": 3.0904302766200002,
      "user": 20.20108776,
      "system": 11.255474099999999,
      "min": 3.04484759262,
      "max": 3.16904048062,
      "times": [
        3.16904048062,
        3.07565899762,
        3.09574821162,
        3.06435412562,
        3.10006315662,
        3.10670299362,
        3.04484759262,
        3.09066155062,
        3.06390619562,
        3.09019900262
      ],
      "exit_codes": [
        0,
        0,
        0,
        0,
        0,
        0,
        0,
        0,
        0,
        0
      ],
      "parameters": {
        "python": ".bytewax-08939c7/bin/python"
      }
    },
    {
      "command": ".bytewax-af89c20/bin/python -m bytewax.run \"dataflows.dynamic:get_flow(long_input=False, heavy_map=True)\" -p16",
      "mean": 3.0556707992200005,
      "stddev": 0.024951710896873806,
      "median": 3.04668634662,
      "user": 20.96477436,
      "system": 9.961020099999999,
      "min": 3.0259608456200002,
      "max": 3.10498381262,
      "times": [
        3.03749832062,
        3.04410009062,
        3.05642661062,
        3.04255615862,
        3.10498381262,
        3.0259608456200002,
        3.08913430962,
        3.0378798536200002,
        3.04927260262,
        3.06889538762
      ],
      "exit_codes": [
        0,
        0,
        0,
        0,
        0,
        0,
        0,
        0,
        0,
        0
      ],
      "parameters": {
        "python": ".bytewax-af89c20/bin/python"
      }
    }
  ]
}
