{
  "results": [
    {
      "command": ".bytewax-v0.16.0/bin/python -m bytewax.run \"dataflows.dynamic:get_flow(long_input=True, heavy_map=False)\" -p16",
      "mean": 6.46352178204,
      "stddev": 0.02115294576835986,
      "median": 6.46502315864,
      "user": 27.507153080000002,
      "system": 59.965778820000004,
      "min": 6.42325292964,
      "max": 6.49341802164,
      "times": [
        6.42325292964,
        6.47966921364,
        6.44064141264,
        6.46932863564,
        6.47291036264,
        6.46071768164,
        6.45220986864,
        6.48459818864,
        6.49341802164,
        6.45847150564
      ],
      "exit_codes": [
        0,
        0,
        0,
        0,
        0,
        0,
        0,
        0,
        0,
        0
      ],
      "parameters": {
        "python": ".bytewax-v0.16.0/bin/python"
      }
    },
    {
      "command": ".bytewax-7b8caa3/bin/python -m bytewax.run \"dataflows.dynamic:get_flow(long_input=True, heavy_map=False)\" -p16",
      "mean": 6.37892454274,
      "stddev": 0.016164873879168627,
      "median": 6.3728131696400006,
      "user": 3.76612808,
      "system": 6.119150220000001,
      "min": 6.37174287064,
      "max": 6.42427308364,
      "times": [
        6.42427308364,
        6.37999327864,
        6.37306767864,
        6.37214663764,
        6.37378453064,
        6.37255866064,
        6.37174287064,
        6.37219556664,
        6.37199759264,
        6.37748552764
      ],
      "exit_codes": [
        0,
        0,
        0,
        0,
        0,
        0,
        0,
        0,
        0,
        0
      ],
      "parameters": {
        "python": ".bytewax-7b8caa3/bin/python"
      }
    }
  ]
}
