{
  "results": [
    {
      "command": ".bytewax-main/bin/python -m bytewax.run \"dataflows.dynamic:get_flow(long_input=True, heavy_map=False)\" -p16",
      "mean": 6.4602846211200005,
      "stddev": 0.024576306721792014,
      "median": 6.45870688432,
      "user": 29.5818783,
      "system": 57.98116934000001,
      "min": 6.406989218820001,
      "max": 6.50702537082,
      "times": [
        6.406989218820001,
        6.50702537082,
        6.45677435282,
        6.46007667982,
        6.466264041820001,
        6.47133655082,
        6.47131504982,
        6.45308818582,
        6.45263967182,
        6.45733708882
      ],
      "exit_codes": [
        0,
        0,
        0,
        0,
        0,
        0,
        0,
        0,
        0,
        0
      ],
      "parameters": {
        "python": ".bytewax-main/bin/python"
      }
    },
    {
      "command": ".bytewax-08939c7/bin/python -m bytewax.run \"dataflows.dynamic:get_flow(long_input=True, heavy_map=False)\" -p16",
      "mean": 6.37579694692,
      "stddev": 0.015742334294703984,
      "median": 6.371207350820001,
      "user": 3.7220847,
      "system": 6.076080039999999,
      "min": 6.36706114182,
      "max": 6.42028476482,
      "times": [
        6.42028476482,
        6.3730904948200005,
        6.3712011548200005,
        6.370799684820001,
        6.36706114182,
        6.37217869282,
        6.36832236482,
        6.37121354682,
        6.37110666882,
        6.3727109548200005
      ],
      "exit_codes": [
        0,
        0,
        0,
        0,
        0,
        0,
        0,
        0,
        0,
        0
      ],
      "parameters": {
        "python": ".bytewax-08939c7/bin/python"
      }
    },
    {
      "command": ".bytewax-af89c20/bin/python -m bytewax.run \"dataflows.dynamic:get_flow(long_input=True, heavy_map=False)\" -p16",
      "mean": 6.37208098442,
      "stddev": 0.002638742147771982,
      "median": 6.37283786282,
      "user": 2.4343565000000003,
      "system": 1.7411878399999996,
      "min": 6.367842387820001,
      "max": 6.37527567682,
      "times": [
        6.367842387820001,
        6.37527567682,
        6.37335215082,
        6.374545002820001,
        6.37006205682,
        6.36792608082,
        6.37316641282,
        6.37410668882,
        6.37250931282,
        6.3720240738200005
      ],
      "exit_codes": [
        0,
        0,
        0,
        0,
        0,
        0,
        0,
        0,
        0,
        0
      ],
      "parameters": {
        "python": ".bytewax-af89c20/bin/python"
      }
    }
  ]
}
