{
  "results": [
    {
      "command": ".bytewax-b1bc759/bin/python -m bytewax.run \"dataflows.dynamic:get_flow(long_input=True, heavy_map=False)\" -p16",
      "mean": 6.375156040699999,
      "stddev": 0.0028420746893728145,
      "median": 6.374912134,
      "user": 2.40954158,
      "system": 1.7138791000000002,
      "min": 6.3702861695,
      "max": 6.3793979425,
      "times": [
        6.377927445499999,
        6.3734687805,
        6.3757313474999995,
        6.3702861695,
        6.3782742755,
        6.3761294235,
        6.3729189185,
        6.3740929205,
        6.3733331835,
        6.3793979425
      ],
      "exit_codes": [
        0,
        0,
        0,
        0,
        0,
        0,
        0,
        0,
        0,
        0
      ],
      "parameters": {
        "python": ".bytewax-b1bc759/bin/python"
      }
    },
    {
      "command": ".bytewax-9ae21a2/bin/python -m bytewax.run \"dataflows.dynamic:get_flow(long_input=True, heavy_map=False)\" -p16",
      "mean": 6.386650062299999,
      "stddev": 0.0023374450551335475,
      "median": 6.386821252999999,
      "user": 1.64014388,
      "system": 1.0055475999999999,
      "min": 6.382978318499999,
      "max": 6.3910617955,
      "times": [
        6.382978318499999,
        6.3910617955,
        6.3878104764999994,
        6.3861260054999995,
        6.3879667174999994,
        6.3836989555,
        6.387516500499999,
        6.3878802975,
        6.3860544925,
        6.3854070635
      ],
      "exit_codes": [
        0,
        0,
        0,
        0,
        0,
        0,
        0,
        0,
        0,
        0
      ],
      "parameters": {
        "python": ".bytewax-9ae21a2/bin/python"
      }
    },
    {
      "command": ".bytewax-8b5a9d7/bin/python -m bytewax.run \"dataflows.dynamic:get_flow(long_input=True, heavy_map=False)\" -p16",
      "mean": 6.387143097100001,
      "stddev": 0.0033539694001475636,
      "median": 6.386558523,
      "user": 1.8947820800000001,
      "system": 1.4774827,
      "min": 6.3829549875,
      "max": 6.3929761114999994,
      "times": [
        6.3929761114999994,
        6.3873754494999995,
        6.3923788495,
        6.3848752745,
        6.3829549875,
        6.3839841725,
        6.388389689499999,
        6.3852824214999995,
        6.3857415965,
        6.3874724185
      ],
      "exit_codes": [
        0,
        0,
        0,
        0,
        0,
        0,
        0,
        0,
        0,
        0
      ],
      "parameters": {
        "python": ".bytewax-8b5a9d7/bin/python"
      }
    }
  ]
}
