{
  "results": [
    {
      "command": ".bytewax-v0.16.0/bin/python -m bytewax.run \"dataflows.dynamic:get_flow(long_input=True, heavy_map=False)\" -p16",
      "mean": 6.456980150119999,
      "stddev": 0.018295943881497453,
      "median": 6.45761789292,
      "user": 29.585124559999997,
      "system": 59.279559039999995,
      "min": 6.42068336042,
      "max": 6.4799378364199995,
      "times": [
        6.42068336042,
        6.45412387642,
        6.476347134419999,
        6.44971936042,
        6.4620848644199995,
        6.46111190942,
        6.47655471442,
        6.4799378364199995,
        6.44502303842,
        6.44421540642
      ],
      "exit_codes": [
        0,
        0,
        0,
        0,
        0,
        0,
        0,
        0,
        0,
        0
      ],
      "parameters": {
        "python": ".bytewax-v0.16.0/bin/python"
      }
    },
    {
      "command": ".bytewax-main/bin/python -m bytewax.run \"dataflows.dynamic:get_flow(long_input=True, heavy_map=False)\" -p16",
      "mean": 6.45926917532,
      "stddev": 0.01749967816131044,
      "median": 6.45603856892,
      "user": 30.688749359999996,
      "system": 57.84442163999999,
      "min": 6.43976424242,
      "max": 6.49812845542,
      "times": [
        6.47481710442,
        6.44314190442,
        6.45619364542,
        6.43976424242,
        6.46090122542,
        6.49812845542,
        6.45588349242,
        6.45494566642,
        6.46618965142,
        6.4427263654199995
      ],
      "exit_codes": [
        0,
        0,
        0,
        0,
        0,
        0,
        0,
        0,
        0,
        0
      ],
      "parameters": {
        "python": ".bytewax-main/bin/python"
      }
    },
    {
      "command": ".bytewax-7b8caa3/bin/python -m bytewax.run \"dataflows.dynamic:get_flow(long_input=True, heavy_map=False)\" -p16",
      "mean": 6.376383753419999,
      "stddev": 0.015401492285386276,
      "median": 6.37202411042,
      "user": 3.75388266,
      "system": 6.087254939999999,
      "min": 6.368079389419999,
      "max": 6.4198401464199994,
      "times": [
        6.4198401464199994,
        6.37466133342,
        6.369620052419999,
        6.37333113242,
        6.37039614542,
        6.368079389419999,
        6.37033742242,
        6.37265567742,
        6.37139254342,
        6.37352369142
      ],
      "exit_codes": [
        0,
        0,
        0,
        0,
        0,
        0,
        0,
        0,
        0,
        0
      ],
      "parameters": {
        "python": ".bytewax-7b8caa3/bin/python"
      }
    },
    {
      "command": ".bytewax-08939c7/bin/python -m bytewax.run \"dataflows.dynamic:get_flow(long_input=True, heavy_map=False)\" -p16",
      "mean": 6.37189357532,
      "stddev": 0.0021569905031566523,
      "median": 6.37225335292,
      "user": 3.642536659999999,
      "system": 6.102466939999999,
      "min": 6.36788327642,
      "max": 6.37433746042,
      "times": [
        6.37433746042,
        6.3720971324199995,
        6.371706853419999,
        6.37255056142,
        6.37099200342,
        6.36788327642,
        6.36888670542,
        6.374104464419999,
        6.37240957342,
        6.37396772242
      ],
      "exit_codes": [
        0,
        0,
        0,
        0,
        0,
        0,
        0,
        0,
        0,
        0
      ],
      "parameters": {
        "python": ".bytewax-08939c7/bin/python"
      }
    }
  ]
}
