{
  "results": [
    {
      "command": ".bytewax-b1bc759/bin/python -m bytewax.run \"dataflows.dynamic:get_flow(long_input=True, heavy_map=True)\" -p16",
      "mean": 6.394203328119999,
      "stddev": 0.005621611495071589,
      "median": 6.393576804619999,
      "user": 20.399018119999997,
      "system": 12.287215479999999,
      "min": 6.38855845562,
      "max": 6.408876771619999,
      "times": [
        6.408876771619999,
        6.39430743062,
        6.38930668962,
        6.39137135662,
        6.39261959962,
        6.39448004162,
        6.392846178619999,
        6.39493236262,
        6.3947343946199995,
        6.38855845562
      ],
      "exit_codes": [
        0,
        0,
        0,
        0,
        0,
        0,
        0,
        0,
        0,
        0
      ],
      "parameters": {
        "python": ".bytewax-b1bc759/bin/python"
      }
    },
    {
      "command": ".bytewax-9ae21a2/bin/python -m bytewax.run \"dataflows.dynamic:get_flow(long_input=True, heavy_map=True)\" -p16",
      "mean": 6.404683250119999,
      "stddev": 0.00351741729829687,
      "median": 6.4032761236199995,
      "user": 19.804512019999997,
      "system": 11.938730379999999,
      "min": 6.4008567436199995,
      "max": 6.41100534762,
      "times": [
        6.41100534762,
        6.40309785562,
        6.41063134462,
        6.402859096619999,
        6.40603246162,
        6.4008567436199995,
        6.401619688619999,
        6.4034543916199995,
        6.40419287362,
        6.4030826976199995
      ],
      "exit_codes": [
        0,
        0,
        0,
        0,
        0,
        0,
        0,
        0,
        0,
        0
      ],
      "parameters": {
        "python": ".bytewax-9ae21a2/bin/python"
      }
    },
    {
      "command": ".bytewax-8b5a9d7/bin/python -m bytewax.run \"dataflows.dynamic:get_flow(long_input=True, heavy_map=True)\" -p16",
      "mean": 6.392766372419999,
      "stddev": 0.007257583293835998,
      "median": 6.39197407462,
      "user": 20.056511519999997,
      "system": 12.690984779999999,
      "min": 6.38373326362,
      "max": 6.41097776262,
      "times": [
        6.41097776262,
        6.392216416619999,
        6.39182024462,
        6.38373326362,
        6.39521995562,
        6.3941605166199995,
        6.38851408462,
        6.391803761619999,
        6.387089813619999,
        6.39212790462
      ],
      "exit_codes": [
        0,
        0,
        0,
        0,
        0,
        0,
        0,
        0,
        0,
        0
      ],
      "parameters": {
        "python": ".bytewax-8b5a9d7/bin/python"
      }
    }
  ]
}
