{
  "results": [
    {
      "command": ".bytewax-b1bc759/bin/python -m bytewax.run \"dataflows.partitioned:get_flow(long_input=False, heavy_map=False)\" -p16",
      "mean": 1.1170853267,
      "stddev": 0.0012677757914650283,
      "median": 1.1173204218000001,
      "user": 0.98134584,
      "system": 0.35502036,
      "min": 1.1150197468,
      "max": 1.1187130798,
      "times": [
        1.1165206008000002,
        1.1187130798,
        1.1175997828000002,
        1.1182539558,
        1.1162791018,
        1.1172109208,
        1.1184551488,
        1.1174299228000002,
        1.1153710068,
        1.1150197468
      ],
      "exit_codes": [
        0,
        0,
        0,
        0,
        0,
        0,
        0,
        0,
        0,
        0
      ],
      "parameters": {
        "python": ".bytewax-b1bc759/bin/python"
      }
    },
    {
      "command": ".bytewax-9ae21a2/bin/python -m bytewax.run \"dataflows.partitioned:get_flow(long_input=False, heavy_map=False)\" -p16",
      "mean": 1.1164003472000001,
      "stddev": 0.0015493219610218131,
      "median": 1.1166892578,
      "user": 0.9807634400000002,
      "system": 0.35306735999999994,
      "min": 1.1138031148,
      "max": 1.1185316638,
      "times": [
        1.1166782628,
        1.1155926408,
        1.1185316638,
        1.1141040248,
        1.1182837528,
        1.1167002528,
        1.1164274368,
        1.1138031148,
        1.1171531558,
        1.1167291668000001
      ],
      "exit_codes": [
        0,
        0,
        0,
        0,
        0,
        0,
        0,
        0,
        0,
        0
      ],
      "parameters": {
        "python": ".bytewax-9ae21a2/bin/python"
      }
    },
    {
      "command": ".bytewax-8b5a9d7/bin/python -m bytewax.run \"dataflows.partitioned:get_flow(long_input=False, heavy_map=False)\" -p16",
      "mean": 1.1205274952000002,
      "stddev": 0.0030900478932493793,
      "median": 1.1218028268,
      "user": 0.8776460400000001,
      "system": 0.34853936,
      "min": 1.1154231128,
      "max": 1.1247914608,
      "times": [
        1.1199582748,
        1.1160679178000001,
        1.1220518458000002,
        1.1247914608,
        1.1216008888,
        1.1221937128000001,
        1.1231454038000002,
        1.1180375698,
        1.1154231128,
        1.1220047648
      ],
      "exit_codes": [
        0,
        0,
        0,
        0,
        0,
        0,
        0,
        0,
        0,
        0
      ],
      "parameters": {
        "python": ".bytewax-8b5a9d7/bin/python"
      }
    }
  ]
}
