{
  "results": [
    {
      "command": ".bytewax-v0.16.0/bin/python -m bytewax.run \"dataflows.partitioned:get_flow(long_input=False, heavy_map=True)\" -p16",
      "mean": 3.4343370295,
      "stddev": 0.14371585708601045,
      "median": 3.4342326889,
      "user": 30.123094979999998,
      "system": 11.33056218,
      "min": 3.1111975809,
      "max": 3.6066062479,
      "times": [
        3.1111975809,
        3.5460750388999998,
        3.5892457329,
        3.4772694919,
        3.6066062479,
        3.3256294078999997,
        3.4219036329,
        3.4271798688999997,
        3.4412855088999996,
        3.3969777838999997
      ],
      "exit_codes": [
        0,
        0,
        0,
        0,
        0,
        0,
        0,
        0,
        0,
        0
      ],
      "parameters": {
        "python": ".bytewax-v0.16.0/bin/python"
      }
    },
    {
      "command": ".bytewax-7b8caa3/bin/python -m bytewax.run \"dataflows.partitioned:get_flow(long_input=False, heavy_map=True)\" -p16",
      "mean": 3.1008851754999993,
      "stddev": 0.030986253201078874,
      "median": 3.0912882444,
      "user": 18.48297748,
      "system": 10.59409048,
      "min": 3.0572205528999996,
      "max": 3.1697367118999997,
      "times": [
        3.1146827049,
        3.0879852618999997,
        3.1170879959,
        3.0896635219,
        3.0786159629,
        3.1697367118999997,
        3.0572205528999996,
        3.0929129668999997,
        3.1190357359,
        3.0819103399
      ],
      "exit_codes": [
        0,
        0,
        0,
        0,
        0,
        0,
        0,
        0,
        0,
        0
      ],
      "parameters": {
        "python": ".bytewax-7b8caa3/bin/python"
      }
    },
    {
      "command": ".bytewax-08939c7/bin/python -m bytewax.run \"dataflows.partitioned:get_flow(long_input=False, heavy_map=True)\" -p16",
      "mean": 3.0997563331,
      "stddev": 0.01544563326124629,
      "median": 3.0992702558999996,
      "user": 18.532863080000002,
      "system": 10.79810058,
      "min": 3.0749475039,
      "max": 3.1261842679,
      "times": [
        3.0749475039,
        3.1145658799,
        3.1082781198999996,
        3.1099223548999997,
        3.0876683809,
        3.1261842679,
        3.0947379559,
        3.0868590639,
        3.0905972479,
        3.1038025558999998
      ],
      "exit_codes": [
        0,
        0,
        0,
        0,
        0,
        0,
        0,
        0,
        0,
        0
      ],
      "parameters": {
        "python": ".bytewax-08939c7/bin/python"
      }
    }
  ]
}
