{
  "results": [
    {
      "command": ".bytewax-b1bc759/bin/python -m bytewax.run \"dataflows.partitioned:get_flow(long_input=True, heavy_map=False)\" -p16",
      "mean": 6.37411129084,
      "stddev": 0.003448790429792465,
      "median": 6.37491214664,
      "user": 2.24438308,
      "system": 1.5966212399999997,
      "min": 6.36694359664,
      "max": 6.3784370706399995,
      "times": [
        6.37461366164,
        6.37755083664,
        6.3762097956399995,
        6.375275537639999,
        6.3784370706399995,
        6.36694359664,
        6.37488114664,
        6.37494314664,
        6.37127915364,
        6.37097896264
      ],
      "exit_codes": [
        0,
        0,
        0,
        0,
        0,
        0,
        0,
        0,
        0,
        0
      ],
      "parameters": {
        "python": ".bytewax-b1bc759/bin/python"
      }
    },
    {
      "command": ".bytewax-9ae21a2/bin/python -m bytewax.run \"dataflows.partitioned:get_flow(long_input=True, heavy_map=False)\" -p16",
      "mean": 6.39113187824,
      "stddev": 0.004173605706046102,
      "median": 6.39205640914,
      "user": 1.5832173799999998,
      "system": 0.94853134,
      "min": 6.3847417346399995,
      "max": 6.39577556564,
      "times": [
        6.3867133766399995,
        6.38591672164,
        6.39200574764,
        6.39210707064,
        6.39577556564,
        6.39445576064,
        6.394435598639999,
        6.38944038364,
        6.3847417346399995,
        6.3957268226399995
      ],
      "exit_codes": [
        0,
        0,
        0,
        0,
        0,
        0,
        0,
        0,
        0,
        0
      ],
      "parameters": {
        "python": ".bytewax-9ae21a2/bin/python"
      }
    },
    {
      "command": ".bytewax-8b5a9d7/bin/python -m bytewax.run \"dataflows.partitioned:get_flow(long_input=True, heavy_map=False)\" -p16",
      "mean": 6.39513661344,
      "stddev": 0.004921510329836885,
      "median": 6.39498880764,
      "user": 1.6687485799999997,
      "system": 1.1430047399999999,
      "min": 6.386188285639999,
      "max": 6.40535881864,
      "times": [
        6.40535881864,
        6.39260207064,
        6.392702187639999,
        6.39414736464,
        6.3958302506399995,
        6.397224856639999,
        6.3983026146399995,
        6.3930161096399996,
        6.386188285639999,
        6.3959935756399995
      ],
      "exit_codes": [
        0,
        0,
        0,
        0,
        0,
        0,
        0,
        0,
        0,
        0
      ],
      "parameters": {
        "python": ".bytewax-8b5a9d7/bin/python"
      }
    }
  ]
}
