{
  "results": [
    {
      "command": ".bytewax-v0.16.0/bin/python -m bytewax.run \"dataflows.partitioned:get_flow(long_input=True, heavy_map=True)\" -p16",
      "mean": 7.19522458846,
      "stddev": 0.1566578536056735,
      "median": 7.16182440866,
      "user": 58.77013518,
      "system": 40.25823808,
      "min": 6.9985246966600005,
      "max": 7.517375968660001,
      "times": [
        7.058154685660001,
        7.10618350066,
        6.9985246966600005,
        7.517375968660001,
        7.18113293866,
        7.060832613660001,
        7.30520567966,
        7.14251587866,
        7.282636533660001,
        7.29968338866
      ],
      "exit_codes": [
        0,
        0,
        0,
        0,
        0,
        0,
        0,
        0,
        0,
        0
      ],
      "parameters": {
        "python": ".bytewax-v0.16.0/bin/python"
      }
    },
    {
      "command": ".bytewax-7b8caa3/bin/python -m bytewax.run \"dataflows.partitioned:get_flow(long_input=True, heavy_map=True)\" -p16",
      "mean": 6.5496690089600005,
      "stddev": 0.031138716824317327,
      "median": 6.554037414660001,
      "user": 10.787139380000001,
      "system": 9.91426168,
      "min": 6.49159909066,
      "max": 6.60819253066,
      "times": [
        6.54990994366,
        6.556718189660001,
        6.5562346186600005,
        6.514262454660001,
        6.53980243466,
        6.551840210660001,
        6.56982762466,
        6.558302991660001,
        6.49159909066,
        6.60819253066
      ],
      "exit_codes": [
        0,
        0,
        0,
        0,
        0,
        0,
        0,
        0,
        0,
        0
      ],
      "parameters": {
        "python": ".bytewax-7b8caa3/bin/python"
      }
    }
  ]
}
