{
  "results": [
    {
      "command": ".bytewax-v0.16.0/bin/python -m bytewax.run \"dataflows.partitioned:get_flow(long_input=False, heavy_map=False)\" -p16",
      "mean": 1.15626885562,
      "stddev": 0.010588346683451069,
      "median": 1.15936062242,
      "user": 3.5869772999999996,
      "system": 1.2354984199999997,
      "min": 1.13571670042,
      "max": 1.1678494824199999,
      "times": [
        1.16777234542,
        1.1453072494199998,
        1.15096902742,
        1.13571670042,
        1.16409182342,
        1.1678494824199999,
        1.1603388884199999,
        1.15838235642,
        1.16282628242,
        1.14943440042
      ],
      "exit_codes": [
        0,
        0,
        0,
        0,
        0,
        0,
        0,
        0,
        0,
        0
      ],
      "parameters": {
        "python": ".bytewax-v0.16.0/bin/python"
      }
    },
    {
      "command": ".bytewax-7b8caa3/bin/python -m bytewax.run \"dataflows.partitioned:get_flow(long_input=False, heavy_map=False)\" -p16",
      "mean": 1.1348611943199998,
      "stddev": 0.0030313341649586033,
      "median": 1.13521290492,
      "user": 1.2445657,
      "system": 1.1343622199999999,
      "min": 1.13085415042,
      "max": 1.14008247442,
      "times": [
        1.1308953124199999,
        1.13490527842,
        1.13609953642,
        1.13085415042,
        1.13363294742,
        1.13753790142,
        1.13201138242,
        1.13707242842,
        1.14008247442,
        1.1355205314199999
      ],
      "exit_codes": [
        0,
        0,
        0,
        0,
        0,
        0,
        0,
        0,
        0,
        0
      ],
      "parameters": {
        "python": ".bytewax-7b8caa3/bin/python"
      }
    }
  ]
}
