{
  "results": [
    {
      "command": ".bytewax-main/bin/python -m bytewax.run \"dataflows.partitioned:get_flow(long_input=True, heavy_map=True)\" -p16",
      "mean": 7.168717541559998,
      "stddev": 0.15535532806950805,
      "median": 7.10157014106,
      "user": 61.281657839999994,
      "system": 38.43121002,
      "min": 7.031831801559999,
      "max": 7.445967115559999,
      "times": [
        7.0443484195599995,
        7.14289188456,
        7.12253196856,
        7.06905481656,
        7.08060831356,
        7.0425027365599995,
        7.445967115559999,
        7.031831801559999,
        7.378892929559999,
        7.328545429559999
      ],
      "exit_codes": [
        0,
        0,
        0,
        0,
        0,
        0,
        0,
        0,
        0,
        0
      ],
      "parameters": {
        "python": ".bytewax-main/bin/python"
      }
    },
    {
      "command": ".bytewax-08939c7/bin/python -m bytewax.run \"dataflows.partitioned:get_flow(long_input=True, heavy_map=True)\" -p16",
      "mean": 6.545698396260001,
      "stddev": 0.0185475168384982,
      "median": 6.55023344606,
      "user": 10.40511704,
      "system": 9.61155872,
      "min": 6.50791412456,
      "max": 6.57774696056,
      "times": [
        6.554742152559999,
        6.5537577665599995,
        6.52734975756,
        6.5399187115599995,
        6.5530472155599995,
        6.50791412456,
        6.55305435756,
        6.542033239559999,
        6.54741967656,
        6.57774696056
      ],
      "exit_codes": [
        0,
        0,
        0,
        0,
        0,
        0,
        0,
        0,
        0,
        0
      ],
      "parameters": {
        "python": ".bytewax-08939c7/bin/python"
      }
    },
    {
      "command": ".bytewax-af89c20/bin/python -m bytewax.run \"dataflows.partitioned:get_flow(long_input=True, heavy_map=True)\" -p16",
      "mean": 6.50882962556,
      "stddev": 0.025623749267958358,
      "median": 6.49879691356,
      "user": 7.869497639999999,
      "system": 4.33726592,
      "min": 6.4841496335599995,
      "max": 6.559236998559999,
      "times": [
        6.559236998559999,
        6.51778704856,
        6.4841496335599995,
        6.54277471056,
        6.50386318156,
        6.48720918256,
        6.48984220556,
        6.51924602956,
        6.4937306455599995,
        6.49045661956
      ],
      "exit_codes": [
        0,
        0,
        0,
        0,
        0,
        0,
        0,
        0,
        0,
        0
      ],
      "parameters": {
        "python": ".bytewax-af89c20/bin/python"
      }
    }
  ]
}
