{
  "results": [
    {
      "command": ".bytewax-v0.16.0/bin/python -m bytewax.run \"dataflows.partitioned:get_flow(long_input=False, heavy_map=False)\" -p16",
      "mean": 1.1482960833400002,
      "stddev": 0.010720052077471048,
      "median": 1.15120993854,
      "user": 4.9068013,
      "system": 1.2730576999999998,
      "min": 1.12911274804,
      "max": 1.16160801204,
      "times": [
        1.12911274804,
        1.14056654304,
        1.15873054904,
        1.13333649304,
        1.15125838304,
        1.1511614940400001,
        1.15141094904,
        1.14915968404,
        1.16160801204,
        1.15661597804
      ],
      "exit_codes": [
        0,
        0,
        0,
        0,
        0,
        0,
        0,
        0,
        0,
        0
      ],
      "parameters": {
        "python": ".bytewax-v0.16.0/bin/python"
      }
    },
    {
      "command": ".bytewax-main/bin/python -m bytewax.run \"dataflows.partitioned:get_flow(long_input=False, heavy_map=False)\" -p16",
      "mean": 1.1634930348400003,
      "stddev": 0.019651497111980058,
      "median": 1.1648199620400002,
      "user": 4.7923424,
      "system": 1.0762521,
      "min": 1.13739773504,
      "max": 1.20771317904,
      "times": [
        1.16475964104,
        1.14599329404,
        1.14925540404,
        1.17100102204,
        1.13739773504,
        1.17321793404,
        1.16919165104,
        1.15152020504,
        1.16488028304,
        1.20771317904
      ],
      "exit_codes": [
        0,
        0,
        0,
        0,
        0,
        0,
        0,
        0,
        0,
        0
      ],
      "parameters": {
        "python": ".bytewax-main/bin/python"
      }
    },
    {
      "command": ".bytewax-7b8caa3/bin/python -m bytewax.run \"dataflows.partitioned:get_flow(long_input=False, heavy_map=False)\" -p16",
      "mean": 1.0642523115015383,
      "stddev": 0.25330802599925584,
      "median": 1.13083489704,
      "user": 1.2638157153846155,
      "system": 1.0803036461538462,
      "min": 0.22224285204,
      "max": 1.17588176104,
      "times": [
        0.22224285204,
        1.17588176104,
        1.13427062304,
        1.12967461004,
        1.13083489704,
        1.13227537004,
        1.13162417604,
        1.12948216004,
        1.12890083604,
        1.12914751704,
        1.13201145004,
        1.13206343804,
        1.12687035904
      ],
      "exit_codes": [
        0,
        0,
        0,
        0,
        0,
        0,
        0,
        0,
        0,
        0,
        0,
        0,
        0
      ],
      "parameters": {
        "python": ".bytewax-7b8caa3/bin/python"
      }
    },
    {
      "command": ".bytewax-08939c7/bin/python -m bytewax.run \"dataflows.partitioned:get_flow(long_input=False, heavy_map=False)\" -p16",
      "mean": 1.1151039926400002,
      "stddev": 0.0020792500810797522,
      "median": 1.11488322804,
      "user": 1.2057575,
      "system": 1.0955140999999997,
      "min": 1.11155927404,
      "max": 1.11851929904,
      "times": [
        1.11708463604,
        1.11155927404,
        1.11851929904,
        1.11282787204,
        1.11679904904,
        1.1148159580399999,
        1.11392066104,
        1.11495049804,
        1.11603419704,
        1.11452848204
      ],
      "exit_codes": [
        0,
        0,
        0,
        0,
        0,
        0,
        0,
        0,
        0,
        0
      ],
      "parameters": {
        "python": ".bytewax-08939c7/bin/python"
      }
    }
  ]
}
