{
  "results": [
    {
      "command": ".bytewax-main/bin/python -m bytewax.run \"dataflows.partitioned:get_flow(long_input=False, heavy_map=False)\" -p16",
      "mean": 1.17474402252,
      "stddev": 0.02142419307282199,
      "median": 1.17611102992,
      "user": 4.62425064,
      "system": 1.12395314,
      "min": 1.1431706429200001,
      "max": 1.2163440409200001,
      "times": [
        1.1431706429200001,
        1.14770278492,
        1.1627794309200001,
        1.1656621069200002,
        1.1823108419200001,
        1.17570689592,
        1.17651516392,
        1.1885095569200002,
        1.2163440409200001,
        1.18873875992
      ],
      "exit_codes": [
        0,
        0,
        0,
        0,
        0,
        0,
        0,
        0,
        0,
        0
      ],
      "parameters": {
        "python": ".bytewax-main/bin/python"
      }
    },
    {
      "command": ".bytewax-08939c7/bin/python -m bytewax.run \"dataflows.partitioned:get_flow(long_input=False, heavy_map=False)\" -p16",
      "mean": 1.1209942897200003,
      "stddev": 0.015923002272619655,
      "median": 1.1164487259200002,
      "user": 1.24302244,
      "system": 1.1325462400000001,
      "min": 1.11114440392,
      "max": 1.1659927539200001,
      "times": [
        1.1659927539200001,
        1.11778078692,
        1.11114440392,
        1.11747942092,
        1.1159821549200002,
        1.11746444292,
        1.11581537592,
        1.11538610592,
        1.1167100599200002,
        1.11618739192
      ],
      "exit_codes": [
        0,
        0,
        0,
        0,
        0,
        0,
        0,
        0,
        0,
        0
      ],
      "parameters": {
        "python": ".bytewax-08939c7/bin/python"
      }
    },
    {
      "command": ".bytewax-af89c20/bin/python -m bytewax.run \"dataflows.partitioned:get_flow(long_input=False, heavy_map=False)\" -p16",
      "mean": 1.11415711652,
      "stddev": 0.002644054642066453,
      "median": 1.11301068992,
      "user": 0.9746834400000001,
      "system": 0.39061424,
      "min": 1.1101481029200002,
      "max": 1.11942985092,
      "times": [
        1.11511778292,
        1.11302308592,
        1.1128690059200002,
        1.1101481029200002,
        1.11264203992,
        1.11299829392,
        1.11271024392,
        1.11656191192,
        1.11607084692,
        1.11942985092
      ],
      "exit_codes": [
        0,
        0,
        0,
        0,
        0,
        0,
        0,
        0,
        0,
        0
      ],
      "parameters": {
        "python": ".bytewax-af89c20/bin/python"
      }
    }
  ]
}
