{
  "results": [
    {
      "command": ".bytewax-main/bin/python -m bytewax.run \"dataflows.partitioned:get_flow(long_input=False, heavy_map=False)\" -p16",
      "mean": 1.15875501458,
      "stddev": 0.015081018537517624,
      "median": 1.15421484148,
      "user": 4.00817016,
      "system": 1.05428984,
      "min": 1.13760705598,
      "max": 1.18615588098,
      "times": [
        1.17158903498,
        1.1657251259799999,
        1.17408704898,
        1.15552181498,
        1.1484962779799999,
        1.18615588098,
        1.13760705598,
        1.15290786798,
        1.14967156498,
        1.1457884729799999
      ],
      "exit_codes": [
        0,
        0,
        0,
        0,
        0,
        0,
        0,
        0,
        0,
        0
      ],
      "parameters": {
        "python": ".bytewax-main/bin/python"
      }
    },
    {
      "command": ".bytewax-dea24dd/bin/python -m bytewax.run \"dataflows.partitioned:get_flow(long_input=False, heavy_map=False)\" -p16",
      "mean": 1.1194234192799999,
      "stddev": 0.004082810421716095,
      "median": 1.11971754298,
      "user": 1.4392488599999997,
      "system": 0.92884844,
      "min": 1.1103440059799998,
      "max": 1.12500438798,
      "times": [
        1.1103440059799998,
        1.11816426298,
        1.1232351839799999,
        1.12128952898,
        1.11916009898,
        1.11733734598,
        1.12027498698,
        1.11731107798,
        1.12500438798,
        1.1221133129799998
      ],
      "exit_codes": [
        0,
        0,
        0,
        0,
        0,
        0,
        0,
        0,
        0,
        0
      ],
      "parameters": {
        "python": ".bytewax-dea24dd/bin/python"
      }
    },
    {
      "command": ".bytewax-2fa6676/bin/python -m bytewax.run \"dataflows.partitioned:get_flow(long_input=False, heavy_map=False)\" -p16",
      "mean": 1.1129320997799996,
      "stddev": 0.0034946115249411954,
      "median": 1.11224551298,
      "user": 1.02389676,
      "system": 0.3918020399999999,
      "min": 1.1089002049799999,
      "max": 1.1198576379799998,
      "times": [
        1.1198576379799998,
        1.11007358898,
        1.11419888298,
        1.11232769698,
        1.11446622798,
        1.11216332898,
        1.10974846098,
        1.1105529029799999,
        1.1089002049799999,
        1.1170320649799999
      ],
      "exit_codes": [
        0,
        0,
        0,
        0,
        0,
        0,
        0,
        0,
        0,
        0
      ],
      "parameters": {
        "python": ".bytewax-2fa6676/bin/python"
      }
    },
    {
      "command": ".bytewax-9ae21a2/bin/python -m bytewax.run \"dataflows.partitioned:get_flow(long_input=False, heavy_map=False)\" -p16",
      "mean": 1.11415964218,
      "stddev": 0.003203987063860501,
      "median": 1.11434302798,
      "user": 0.9771893599999999,
      "system": 0.36406834,
      "min": 1.1089256429799998,
      "max": 1.11880193998,
      "times": [
        1.11880193998,
        1.1089256429799998,
        1.1125675259799999,
        1.10947604098,
        1.1166388379799999,
        1.11444311998,
        1.11492007498,
        1.11764002698,
        1.11394027598,
        1.11424293598
      ],
      "exit_codes": [
        0,
        0,
        0,
        0,
        0,
        0,
        0,
        0,
        0,
        0
      ],
      "parameters": {
        "python": ".bytewax-9ae21a2/bin/python"
      }
    },
    {
      "command": ".bytewax-8b5a9d7/bin/python -m bytewax.run \"dataflows.partitioned:get_flow(long_input=False, heavy_map=False)\" -p16",
      "mean": 1.1170590027799998,
      "stddev": 0.004424214377654753,
      "median": 1.11581745398,
      "user": 0.9089664599999999,
      "system": 0.36000013999999997,
      "min": 1.11224076098,
      "max": 1.12336304198,
      "times": [
        1.11224076098,
        1.11350430998,
        1.11659897998,
        1.12293663098,
        1.1211200989799999,
        1.1200991969799998,
        1.11503592798,
        1.11235663098,
        1.11333444898,
        1.12336304198
      ],
      "exit_codes": [
        0,
        0,
        0,
        0,
        0,
        0,
        0,
        0,
        0,
        0
      ],
      "parameters": {
        "python": ".bytewax-8b5a9d7/bin/python"
      }
    }
  ]
}
