{
  "results": [
    {
      "command": ".bytewax-b1bc759/bin/python -m bytewax.run \"dataflows.partitioned:get_flow(long_input=False, heavy_map=True)\" -p16",
      "mean": 3.0370918337800004,
      "stddev": 0.047269039504907386,
      "median": 3.02159165588,
      "user": 17.31630236,
      "system": 9.518422139999997,
      "min": 3.01392107788,
      "max": 3.17064608688,
      "times": [
        3.01540984388,
        3.01392107788,
        3.02862395988,
        3.0193381178800003,
        3.02647285388,
        3.02085693888,
        3.0220308898800003,
        3.02115242188,
        3.03246614688,
        3.17064608688
      ],
      "exit_codes": [
        0,
        0,
        0,
        0,
        0,
        0,
        0,
        0,
        0,
        0
      ],
      "parameters": {
        "python": ".bytewax-b1bc759/bin/python"
      }
    },
    {
      "command": ".bytewax-9ae21a2/bin/python -m bytewax.run \"dataflows.partitioned:get_flow(long_input=False, heavy_map=True)\" -p16",
      "mean": 3.1796972131800003,
      "stddev": 0.0200082473166792,
      "median": 3.17564665638,
      "user": 18.431317959999998,
      "system": 9.45810474,
      "min": 3.14440923588,
      "max": 3.20672351788,
      "times": [
        3.2040191138800003,
        3.18971293388,
        3.20672351788,
        3.17474778388,
        3.19688173388,
        3.17251048088,
        3.14440923588,
        3.15667401888,
        3.17490421988,
        3.17638909288
      ],
      "exit_codes": [
        0,
        0,
        0,
        0,
        0,
        0,
        0,
        0,
        0,
        0
      ],
      "parameters": {
        "python": ".bytewax-9ae21a2/bin/python"
      }
    },
    {
      "command": ".bytewax-8b5a9d7/bin/python -m bytewax.run \"dataflows.partitioned:get_flow(long_input=False, heavy_map=True)\" -p16",
      "mean": 3.17535158058,
      "stddev": 0.013321518920394007,
      "median": 3.1731215673800004,
      "user": 18.327386060000002,
      "system": 9.46827624,
      "min": 3.1482152128800003,
      "max": 3.1950955058800004,
      "times": [
        3.1482152128800003,
        3.17788129788,
        3.1698200608800002,
        3.17010307988,
        3.1760416848800004,
        3.1702014498800004,
        3.18870238988,
        3.1692835658800003,
        3.18817155788,
        3.1950955058800004
      ],
      "exit_codes": [
        0,
        0,
        0,
        0,
        0,
        0,
        0,
        0,
        0,
        0
      ],
      "parameters": {
        "python": ".bytewax-8b5a9d7/bin/python"
      }
    }
  ]
}
