{
  "results": [
    {
      "command": ".bytewax-v0.16.0/bin/python -m bytewax.run \"dataflows.partitioned:get_flow(long_input=False, heavy_map=True)\" -p16",
      "mean": 3.6068872461,
      "stddev": 0.11892188231441832,
      "median": 3.5700222403,
      "user": 32.05041016,
      "system": 11.901153279999999,
      "min": 3.4488383687999997,
      "max": 3.8383010868,
      "times": [
        3.5683807948,
        3.7508792388,
        3.6938497708,
        3.6067482818,
        3.5716636858,
        3.5273974418,
        3.5343290558,
        3.8383010868,
        3.5284847357999998,
        3.4488383687999997
      ],
      "user_times": [
        29.56251116,
        32.13768716,
        31.05565916,
        35.94026816,
        31.72693716,
        29.92025116,
        29.96432816,
        36.74933016,
        29.12513216,
        34.32199716
      ],
      "system_times": [
        12.170043979999999,
        12.115792979999998,
        11.809363979999999,
        11.925306979999998,
        11.707071979999998,
        11.557139979999999,
        11.890301979999998,
        12.327464979999998,
        11.68631398,
        11.822731979999999
      ],
      "exit_codes": [
        0,
        0,
        0,
        0,
        0,
        0,
        0,
        0,
        0,
        0
      ],
      "parameters": {
        "python": ".bytewax-v0.16.0/bin/python"
      }
    },
    {
      "command": ".bytewax-7b8caa3/bin/python -m bytewax.run \"dataflows.partitioned:get_flow(long_input=False, heavy_map=True)\" -p16",
      "mean": 3.2285535257999998,
      "stddev": 0.014606979512595224,
      "median": 3.2273593033,
      "user": 19.406500159999997,
      "system": 11.192247479999997,
      "min": 3.2050534098,
      "max": 3.2500135558,
      "times": [
        3.2379155898,
        3.2324509288,
        3.2500135558,
        3.2245570668,
        3.2499725658,
        3.2155568428,
        3.2050534098,
        3.2177401208,
        3.2221136377999997,
        3.2301615398
      ],
      "user_times": [
        19.35521816,
        19.35766816,
        19.45122916,
        19.32829116,
        19.07549216,
        19.61440016,
        19.27330616,
        19.44601316,
        19.54460916,
        19.61877416
      ],
      "system_times": [
        11.066479979999999,
        11.03553298,
        11.400429979999998,
        11.54985198,
        10.961061979999998,
        11.41597298,
        11.08789098,
        11.231811979999998,
        11.216112979999998,
        10.95732898
      ],
      "exit_codes": [
        0,
        0,
        0,
        0,
        0,
        0,
        0,
        0,
        0,
        0
      ],
      "parameters": {
        "python": ".bytewax-7b8caa3/bin/python"
      }
    }
  ]
}
