{
  "results": [
    {
      "command": ".bytewax-v0.16.0/bin/python -m bytewax.run \"dataflows.partitioned:get_flow(long_input=True, heavy_map=False)\" -p16",
      "mean": 6.4641621472,
      "stddev": 0.01697220068137843,
      "median": 6.461582804099999,
      "user": 51.27217992,
      "system": 39.81153395999999,
      "min": 6.444293280099999,
      "max": 6.4953947341,
      "times": [
        6.444293280099999,
        6.461158353099999,
        6.4489768221,
        6.4515465580999996,
        6.4774772311,
        6.4511959321,
        6.4859146360999995,
        6.4620072551,
        6.4636566701,
        6.4953947341
      ],
      "exit_codes": [
        0,
        0,
        0,
        0,
        0,
        0,
        0,
        0,
        0,
        0
      ],
      "parameters": {
        "python": ".bytewax-v0.16.0/bin/python"
      }
    },
    {
      "command": ".bytewax-main/bin/python -m bytewax.run \"dataflows.partitioned:get_flow(long_input=True, heavy_map=False)\" -p16",
      "mean": 6.4738343061,
      "stddev": 0.008615402950385783,
      "median": 6.4736865971,
      "user": 50.44787881999999,
      "system": 37.82352145999999,
      "min": 6.4615572431,
      "max": 6.485990332099999,
      "times": [
        6.4774918990999995,
        6.4677308291,
        6.485990332099999,
        6.4740059651,
        6.4615572431,
        6.4835132580999995,
        6.4733672291,
        6.467029044099999,
        6.483280071099999,
        6.4643771901
      ],
      "exit_codes": [
        0,
        0,
        0,
        0,
        0,
        0,
        0,
        0,
        0,
        0
      ],
      "parameters": {
        "python": ".bytewax-main/bin/python"
      }
    },
    {
      "command": ".bytewax-7b8caa3/bin/python -m bytewax.run \"dataflows.partitioned:get_flow(long_input=True, heavy_map=False)\" -p16",
      "mean": 6.3824339888,
      "stddev": 0.017775617889895613,
      "median": 6.376811634599999,
      "user": 3.8999643199999996,
      "system": 5.904557759999999,
      "min": 6.3689226351,
      "max": 6.4314090161,
      "times": [
        6.4314090161,
        6.3750222250999995,
        6.3779614020999995,
        6.3741676331,
        6.3828272891,
        6.3801748951,
        6.3756618671,
        6.3689226351,
        6.3838909621,
        6.3743019631
      ],
      "exit_codes": [
        0,
        0,
        0,
        0,
        0,
        0,
        0,
        0,
        0,
        0
      ],
      "parameters": {
        "python": ".bytewax-7b8caa3/bin/python"
      }
    },
    {
      "command": ".bytewax-08939c7/bin/python -m bytewax.run \"dataflows.partitioned:get_flow(long_input=True, heavy_map=False)\" -p16",
      "mean": 6.3767447864,
      "stddev": 0.003689194914325661,
      "median": 6.3754199821,
      "user": 3.5440061199999997,
      "system": 5.93743046,
      "min": 6.3729788440999995,
      "max": 6.3848811911,
      "times": [
        6.373917792099999,
        6.3848811911,
        6.3754987571,
        6.3729788440999995,
        6.3768289991,
        6.374480773099999,
        6.3807982890999995,
        6.3784508860999996,
        6.3753412071,
        6.3742711251
      ],
      "exit_codes": [
        0,
        0,
        0,
        0,
        0,
        0,
        0,
        0,
        0,
        0
      ],
      "parameters": {
        "python": ".bytewax-08939c7/bin/python"
      }
    }
  ]
}
