{
  "results": [
    {
      "command": ".bytewax-v0.16.0/bin/python -m bytewax.run \"dataflows.partitioned:get_flow(long_input=True, heavy_map=True)\" -p16",
      "mean": 7.06130621636,
      "stddev": 0.14488294602313156,
      "median": 7.04439128846,
      "user": 59.43362004000001,
      "system": 40.34880428000001,
      "min": 6.88628767596,
      "max": 7.37863137396,
      "times": [
        6.9493766829600006,
        6.934346861960001,
        7.37863137396,
        7.15021685696,
        6.96638895496,
        7.07527021896,
        7.11839585296,
        6.88628767596,
        7.013512357960001,
        7.14063532696
      ],
      "exit_codes": [
        0,
        0,
        0,
        0,
        0,
        0,
        0,
        0,
        0,
        0
      ],
      "parameters": {
        "python": ".bytewax-v0.16.0/bin/python"
      }
    },
    {
      "command": ".bytewax-7b8caa3/bin/python -m bytewax.run \"dataflows.partitioned:get_flow(long_input=True, heavy_map=True)\" -p16",
      "mean": 6.5523914553600004,
      "stddev": 0.028904978249806517,
      "median": 6.547493403960001,
      "user": 10.370407240000002,
      "system": 9.628191779999998,
      "min": 6.503452637960001,
      "max": 6.5940150949600005,
      "times": [
        6.5940150949600005,
        6.56226588496,
        6.53916446896,
        6.53381937596,
        6.57685834996,
        6.53725570996,
        6.59062464296,
        6.53063604896,
        6.503452637960001,
        6.5558223389600006
      ],
      "exit_codes": [
        0,
        0,
        0,
        0,
        0,
        0,
        0,
        0,
        0,
        0
      ],
      "parameters": {
        "python": ".bytewax-7b8caa3/bin/python"
      }
    },
    {
      "command": ".bytewax-08939c7/bin/python -m bytewax.run \"dataflows.partitioned:get_flow(long_input=True, heavy_map=True)\" -p16",
      "mean": 6.53251135456,
      "stddev": 0.030106041797620817,
      "median": 6.529823303460001,
      "user": 10.143163640000001,
      "system": 9.580008879999998,
      "min": 6.50143005496,
      "max": 6.59357553696,
      "times": [
        6.52211746796,
        6.5580422379600005,
        6.59357553696,
        6.50279469396,
        6.553198791960001,
        6.5082559819600005,
        6.50143005496,
        6.50625143696,
        6.541918203960001,
        6.53752913896
      ],
      "exit_codes": [
        0,
        0,
        0,
        0,
        0,
        0,
        0,
        0,
        0,
        0
      ],
      "parameters": {
        "python": ".bytewax-08939c7/bin/python"
      }
    }
  ]
}
