{
  "results": [
    {
      "command": ".bytewax-v0.16.0/bin/python -m bytewax.run \"dataflows.partitioned:get_flow(long_input=False, heavy_map=True)\" -p16",
      "mean": 3.7024068350400006,
      "stddev": 0.12210141782138972,
      "median": 3.69098713114,
      "user": 31.728655579999998,
      "system": 12.3504372,
      "min": 3.5216348826400004,
      "max": 3.9625638976400004,
      "times": [
        3.7618820756400004,
        3.5216348826400004,
        3.6759393586400004,
        3.7407918066400003,
        3.6810101846400003,
        3.9625638976400004,
        3.57123452664,
        3.63178779964,
        3.77625974064,
        3.70096407764
      ],
      "exit_codes": [
        0,
        0,
        0,
        0,
        0,
        0,
        0,
        0,
        0,
        0
      ],
      "parameters": {
        "python": ".bytewax-v0.16.0/bin/python"
      }
    },
    {
      "command": ".bytewax-7b8caa3/bin/python -m bytewax.run \"dataflows.partitioned:get_flow(long_input=False, heavy_map=True)\" -p16",
      "mean": 3.2696771052400004,
      "stddev": 0.052078378340002784,
      "median": 3.25373774714,
      "user": 19.537975679999995,
      "system": 11.5380734,
      "min": 3.2185157006400003,
      "max": 3.38096281264,
      "times": [
        3.38096281264,
        3.3222317926400002,
        3.30961626964,
        3.24741573964,
        3.25856392164,
        3.21960664364,
        3.2185157006400003,
        3.23238267764,
        3.25728488864,
        3.2501906056400003
      ],
      "exit_codes": [
        0,
        0,
        0,
        0,
        0,
        0,
        0,
        0,
        0,
        0
      ],
      "parameters": {
        "python": ".bytewax-7b8caa3/bin/python"
      }
    }
  ]
}
