{
  "results": [
    {
      "command": ".bytewax-main/bin/python -m bytewax.run \"dataflows.partitioned:get_flow(long_input=True, heavy_map=False)\" -p16",
      "mean": 6.457814881640002,
      "stddev": 0.03330236951422106,
      "median": 6.46186736744,
      "user": 50.58533125999999,
      "system": 37.725267239999994,
      "min": 6.39755058444,
      "max": 6.516903459440001,
      "times": [
        6.412215410440001,
        6.39755058444,
        6.46340441644,
        6.47455232544,
        6.516903459440001,
        6.4664262934400005,
        6.45611938844,
        6.453674778440001,
        6.47697184144,
        6.4603303184400005
      ],
      "exit_codes": [
        0,
        0,
        0,
        0,
        0,
        0,
        0,
        0,
        0,
        0
      ],
      "parameters": {
        "python": ".bytewax-main/bin/python"
      }
    },
    {
      "command": ".bytewax-dea24dd/bin/python -m bytewax.run \"dataflows.partitioned:get_flow(long_input=True, heavy_map=False)\" -p16",
      "mean": 6.37971824454,
      "stddev": 0.016126350339976416,
      "median": 6.37547339494,
      "user": 4.6099444599999995,
      "system": 4.92410764,
      "min": 6.371144951440001,
      "max": 6.425105068440001,
      "times": [
        6.425105068440001,
        6.37597573944,
        6.37291434044,
        6.37497105044,
        6.37275172244,
        6.37915967344,
        6.375982271440001,
        6.37668739544,
        6.372490232440001,
        6.371144951440001
      ],
      "exit_codes": [
        0,
        0,
        0,
        0,
        0,
        0,
        0,
        0,
        0,
        0
      ],
      "parameters": {
        "python": ".bytewax-dea24dd/bin/python"
      }
    },
    {
      "command": ".bytewax-2fa6676/bin/python -m bytewax.run \"dataflows.partitioned:get_flow(long_input=True, heavy_map=False)\" -p16",
      "mean": 6.37318565184,
      "stddev": 0.0027050753670976044,
      "median": 6.373188448940001,
      "user": 2.22710686,
      "system": 1.6182262399999998,
      "min": 6.369396983440001,
      "max": 6.37650500544,
      "times": [
        6.36940000744,
        6.371396986440001,
        6.373279448440001,
        6.37309744944,
        6.374312656440001,
        6.37650500544,
        6.37636683844,
        6.376292391440001,
        6.371808751440001,
        6.369396983440001
      ],
      "exit_codes": [
        0,
        0,
        0,
        0,
        0,
        0,
        0,
        0,
        0,
        0
      ],
      "parameters": {
        "python": ".bytewax-2fa6676/bin/python"
      }
    },
    {
      "command": ".bytewax-9ae21a2/bin/python -m bytewax.run \"dataflows.partitioned:get_flow(long_input=True, heavy_map=False)\" -p16",
      "mean": 6.29233330474,
      "stddev": 0.3153496840847785,
      "median": 6.39113212394,
      "user": 1.5991113599999998,
      "system": 0.9971888400000001,
      "min": 5.39491812644,
      "max": 6.40072215444,
      "times": [
        6.38834247544,
        6.40072215444,
        6.39258504044,
        6.39738193644,
        6.38604331544,
        5.39491812644,
        6.39169846744,
        6.388259549440001,
        6.3928162014400005,
        6.39056578044
      ],
      "exit_codes": [
        0,
        0,
        0,
        0,
        0,
        0,
        0,
        0,
        0,
        0
      ],
      "parameters": {
        "python": ".bytewax-9ae21a2/bin/python"
      }
    },
    {
      "command": ".bytewax-8b5a9d7/bin/python -m bytewax.run \"dataflows.partitioned:get_flow(long_input=True, heavy_map=False)\" -p16",
      "mean": 6.396327031640001,
      "stddev": 0.006278975322227862,
      "median": 6.39457060544,
      "user": 1.70539256,
      "system": 1.19434564,
      "min": 6.386645904440001,
      "max": 6.409544735440001,
      "times": [
        6.39378793844,
        6.393689294440001,
        6.39417638844,
        6.39925752344,
        6.39496482244,
        6.409544735440001,
        6.39161706744,
        6.386645904440001,
        6.39737356244,
        6.40221307944
      ],
      "exit_codes": [
        0,
        0,
        0,
        0,
        0,
        0,
        0,
        0,
        0,
        0
      ],
      "parameters": {
        "python": ".bytewax-8b5a9d7/bin/python"
      }
    }
  ]
}
