{
  "results": [
    {
      "command": ".bytewax-b1bc759/bin/python -m bytewax.run \"dataflows.partitioned:get_flow(long_input=True, heavy_map=True)\" -p16",
      "mean": 6.521096033719999,
      "stddev": 0.020492805139275067,
      "median": 6.52592446912,
      "user": 8.024430339999999,
      "system": 4.45654706,
      "min": 6.4906747861200005,
      "max": 6.55317868512,
      "times": [
        6.52773375412,
        6.4919090531200006,
        6.53733104612,
        6.53311259212,
        6.52411518412,
        6.4906747861200005,
        6.52132515912,
        6.50069932412,
        6.55317868512,
        6.53088075312
      ],
      "exit_codes": [
        0,
        0,
        0,
        0,
        0,
        0,
        0,
        0,
        0,
        0
      ],
      "parameters": {
        "python": ".bytewax-b1bc759/bin/python"
      }
    },
    {
      "command": ".bytewax-9ae21a2/bin/python -m bytewax.run \"dataflows.partitioned:get_flow(long_input=True, heavy_map=True)\" -p16",
      "mean": 6.533316246919999,
      "stddev": 0.019736366824835323,
      "median": 6.534280302120001,
      "user": 7.54207574,
      "system": 4.017799160000001,
      "min": 6.50908478612,
      "max": 6.57466732412,
      "times": [
        6.53896683712,
        6.53722782412,
        6.50908478612,
        6.5313327801200005,
        6.51498577712,
        6.52916802612,
        6.51006259712,
        6.5392334001200005,
        6.57466732412,
        6.54843311712
      ],
      "exit_codes": [
        0,
        0,
        0,
        0,
        0,
        0,
        0,
        0,
        0,
        0
      ],
      "parameters": {
        "python": ".bytewax-9ae21a2/bin/python"
      }
    },
    {
      "command": ".bytewax-8b5a9d7/bin/python -m bytewax.run \"dataflows.partitioned:get_flow(long_input=True, heavy_map=True)\" -p16",
      "mean": 6.529930134520001,
      "stddev": 0.02171361760907532,
      "median": 6.53196157212,
      "user": 7.486956039999998,
      "system": 4.13319906,
      "min": 6.49891716612,
      "max": 6.56074013812,
      "times": [
        6.5572616121200005,
        6.56074013812,
        6.54771319712,
        6.50922766612,
        6.50817828812,
        6.49891716612,
        6.53114430512,
        6.53964008512,
        6.5137000481200005,
        6.532778839120001
      ],
      "exit_codes": [
        0,
        0,
        0,
        0,
        0,
        0,
        0,
        0,
        0,
        0
      ],
      "parameters": {
        "python": ".bytewax-8b5a9d7/bin/python"
      }
    }
  ]
}
