{
  "results": [
    {
      "command": ".bytewax-v0.16.0/bin/python -m bytewax.run \"dataflows.partitioned:get_flow(long_input=True, heavy_map=True)\" -p16",
      "mean": 7.22957031208,
      "stddev": 0.18685714717114973,
      "median": 7.2315450418800005,
      "user": 59.83088805999999,
      "system": 40.313659879999996,
      "min": 6.99363135088,
      "max": 7.61816982788,
      "times": [
        7.08719514188,
        7.17661997288,
        7.31577443088,
        7.28647011088,
        7.09298479388,
        7.61816982788,
        7.36011588988,
        7.05262670688,
        6.99363135088,
        7.31211489488
      ],
      "user_times": [
        56.90850526,
        58.563014259999996,
        58.68537026,
        59.36200126,
        60.23192125999999,
        63.024872259999995,
        60.15247926,
        56.012616259999994,
        61.53753826,
        63.830562259999994
      ],
      "system_times": [
        39.41473998,
        40.04606098,
        41.16410398,
        40.066837979999995,
        40.802723979999996,
        41.48815498,
        41.14584298,
        39.42473698,
        39.90350298,
        39.679893979999996
      ],
      "exit_codes": [
        0,
        0,
        0,
        0,
        0,
        0,
        0,
        0,
        0,
        0
      ],
      "parameters": {
        "python": ".bytewax-v0.16.0/bin/python"
      }
    },
    {
      "command": ".bytewax-7b8caa3/bin/python -m bytewax.run \"dataflows.partitioned:get_flow(long_input=True, heavy_map=True)\" -p16",
      "mean": 6.571445218879999,
      "stddev": 0.03614874498572696,
      "median": 6.5677596738799995,
      "user": 10.97325336,
      "system": 9.838053579999999,
      "min": 6.52624547788,
      "max": 6.64327213488,
      "times": [
        6.61791084488,
        6.52624547788,
        6.56243837388,
        6.57368449188,
        6.57550108588,
        6.56696605388,
        6.52803927488,
        6.55184115688,
        6.64327213488,
        6.56855329388
      ],
      "user_times": [
        11.093412260000001,
        10.891514260000001,
        11.13140026,
        10.77241426,
        10.95650426,
        11.06117926,
        11.12285626,
        10.69531126,
        11.19709726,
        10.81084426
      ],
      "system_times": [
        10.043384979999999,
        9.67162698,
        9.84534598,
        9.81807898,
        9.80337898,
        9.71115498,
        9.90792698,
        9.874858979999999,
        9.79359098,
        9.91118798
      ],
      "exit_codes": [
        0,
        0,
        0,
        0,
        0,
        0,
        0,
        0,
        0,
        0
      ],
      "parameters": {
        "python": ".bytewax-7b8caa3/bin/python"
      }
    }
  ]
}
