{
  "results": [
    {
      "command": ".bytewax-main/bin/python -m bytewax.run \"dataflows.partitioned:get_flow(long_input=False, heavy_map=True)\" -p16",
      "mean": 3.38657038558,
      "stddev": 0.15611785134608114,
      "median": 3.43963668568,
      "user": 30.7148572,
      "system": 10.164173619999998,
      "min": 3.1460801786799997,
      "max": 3.58256304968,
      "times": [
        3.21071000168,
        3.16308746468,
        3.1460801786799997,
        3.4169877016799997,
        3.58256304968,
        3.46228566968,
        3.5033277636799998,
        3.4052484176799998,
        3.5115665516799996,
        3.4638470566799997
      ],
      "exit_codes": [
        0,
        0,
        0,
        0,
        0,
        0,
        0,
        0,
        0,
        0
      ],
      "parameters": {
        "python": ".bytewax-main/bin/python"
      }
    },
    {
      "command": ".bytewax-08939c7/bin/python -m bytewax.run \"dataflows.partitioned:get_flow(long_input=False, heavy_map=True)\" -p16",
      "mean": 3.12067719838,
      "stddev": 0.017378914986683765,
      "median": 3.12181680618,
      "user": 18.653451799999996,
      "system": 10.508978719999998,
      "min": 3.09058568668,
      "max": 3.1444576226799996,
      "times": [
        3.1444576226799996,
        3.1148114636799997,
        3.1321479056799997,
        3.11424286868,
        3.1084197686799997,
        3.1025811486799997,
        3.12882214868,
        3.09058568668,
        3.12964576668,
        3.1410576036799998
      ],
      "exit_codes": [
        0,
        0,
        0,
        0,
        0,
        0,
        0,
        0,
        0,
        0
      ],
      "parameters": {
        "python": ".bytewax-08939c7/bin/python"
      }
    },
    {
      "command": ".bytewax-af89c20/bin/python -m bytewax.run \"dataflows.partitioned:get_flow(long_input=False, heavy_map=True)\" -p16",
      "mean": 3.0933587315799995,
      "stddev": 0.016159420965551452,
      "median": 3.0917613706799996,
      "user": 18.351804199999997,
      "system": 8.546582619999999,
      "min": 3.07063652568,
      "max": 3.1192511116799997,
      "times": [
        3.11346859468,
        3.0913691336799998,
        3.1192511116799997,
        3.0883993686799998,
        3.07549619968,
        3.09215360768,
        3.09503829268,
        3.1081449696799996,
        3.07962951168,
        3.07063652568
      ],
      "exit_codes": [
        0,
        0,
        0,
        0,
        0,
        0,
        0,
        0,
        0,
        0
      ],
      "parameters": {
        "python": ".bytewax-af89c20/bin/python"
      }
    }
  ]
}
