{
  "results": [
    {
      "command": ".bytewax-main/bin/python -m bytewax.run \"dataflows.partitioned:get_flow(long_input=True, heavy_map=True)\" -p16",
      "mean": 7.0730535667200005,
      "stddev": 0.09792987512694087,
      "median": 7.05863914722,
      "user": 60.48367468,
      "system": 38.6007694,
      "min": 6.94650695072,
      "max": 7.23162637272,
      "times": [
        7.07058955872,
        7.09558277272,
        7.14037116772,
        6.94650695072,
        7.01106912172,
        7.04668873572,
        6.99320602872,
        7.21577908172,
        6.97911587672,
        7.23162637272
      ],
      "exit_codes": [
        0,
        0,
        0,
        0,
        0,
        0,
        0,
        0,
        0,
        0
      ],
      "parameters": {
        "python": ".bytewax-main/bin/python"
      }
    },
    {
      "command": ".bytewax-dea24dd/bin/python -m bytewax.run \"dataflows.partitioned:get_flow(long_input=True, heavy_map=True)\" -p16",
      "mean": 6.56827201662,
      "stddev": 0.03128139260384487,
      "median": 6.56445558022,
      "user": 11.65509068,
      "system": 8.605603200000001,
      "min": 6.52330415372,
      "max": 6.63680219972,
      "times": [
        6.59261158672,
        6.57141227972,
        6.55705869872,
        6.54694059972,
        6.63680219972,
        6.57342936572,
        6.52330415372,
        6.54339801972,
        6.58026438172,
        6.55749888072
      ],
      "exit_codes": [
        0,
        0,
        0,
        0,
        0,
        0,
        0,
        0,
        0,
        0
      ],
      "parameters": {
        "python": ".bytewax-dea24dd/bin/python"
      }
    },
    {
      "command": ".bytewax-2fa6676/bin/python -m bytewax.run \"dataflows.partitioned:get_flow(long_input=True, heavy_map=True)\" -p16",
      "mean": 6.513268116720001,
      "stddev": 0.031344537562381806,
      "median": 6.51152540222,
      "user": 7.89547568,
      "system": 4.3535224999999995,
      "min": 6.47258873772,
      "max": 6.58573109672,
      "times": [
        6.51414279072,
        6.47258873772,
        6.53284778472,
        6.50892761472,
        6.51087911872,
        6.58573109672,
        6.51217168572,
        6.47645596972,
        6.51791608172,
        6.50102028672
      ],
      "exit_codes": [
        0,
        0,
        0,
        0,
        0,
        0,
        0,
        0,
        0,
        0
      ],
      "parameters": {
        "python": ".bytewax-2fa6676/bin/python"
      }
    },
    {
      "command": ".bytewax-9ae21a2/bin/python -m bytewax.run \"dataflows.partitioned:get_flow(long_input=True, heavy_map=True)\" -p16",
      "mean": 6.324377995219999,
      "stddev": 0.43504843880453775,
      "median": 6.527611140219999,
      "user": 7.42346718,
      "system": 4.0026185,
      "min": 5.47355073672,
      "max": 6.5546992597200004,
      "times": [
        6.5546992597200004,
        6.50448546172,
        6.49981264272,
        6.52797804172,
        6.54563430172,
        6.53359695072,
        6.55040455372,
        5.52637376472,
        6.52724423872,
        5.47355073672
      ],
      "exit_codes": [
        0,
        0,
        0,
        0,
        0,
        0,
        0,
        0,
        0,
        0
      ],
      "parameters": {
        "python": ".bytewax-9ae21a2/bin/python"
      }
    },
    {
      "command": ".bytewax-8b5a9d7/bin/python -m bytewax.run \"dataflows.partitioned:get_flow(long_input=True, heavy_map=True)\" -p16",
      "mean": 6.527562821319999,
      "stddev": 0.014261375919281684,
      "median": 6.5309201987200005,
      "user": 7.37676458,
      "system": 4.1719582,
      "min": 6.49518164872,
      "max": 6.54738058372,
      "times": [
        6.53211842272,
        6.52972197472,
        6.53549644072,
        6.51758777272,
        6.53850218072,
        6.53293162072,
        6.54738058372,
        6.49518164872,
        6.52040313972,
        6.52630442872
      ],
      "exit_codes": [
        0,
        0,
        0,
        0,
        0,
        0,
        0,
        0,
        0,
        0
      ],
      "parameters": {
        "python": ".bytewax-8b5a9d7/bin/python"
      }
    }
  ]
}
