{
  "results": [
    {
      "command": ".bytewax-main/bin/python -m bytewax.run \"dataflows.partitioned:get_flow(long_input=False, heavy_map=True)\" -p16",
      "mean": 3.30577899182,
      "stddev": 0.24439290486532744,
      "median": 3.1833210675199997,
      "user": 28.056987,
      "system": 10.35286764,
      "min": 3.05593546702,
      "max": 3.6756156710199996,
      "times": [
        3.0619052290199997,
        3.08338875402,
        3.16520357402,
        3.18119231402,
        3.05593546702,
        3.1854498210199997,
        3.52504447602,
        3.6756156710199996,
        3.5508002410199997,
        3.57325437102
      ],
      "exit_codes": [
        0,
        0,
        0,
        0,
        0,
        0,
        0,
        0,
        0,
        0
      ],
      "parameters": {
        "python": ".bytewax-main/bin/python"
      }
    },
    {
      "command": ".bytewax-dea24dd/bin/python -m bytewax.run \"dataflows.partitioned:get_flow(long_input=False, heavy_map=True)\" -p16",
      "mean": 3.12431203682,
      "stddev": 0.020659910679559457,
      "median": 3.12472599152,
      "user": 19.024527300000003,
      "system": 10.226579839999998,
      "min": 3.09341102302,
      "max": 3.16033316402,
      "times": [
        3.16033316402,
        3.09341102302,
        3.13684935702,
        3.1042055460199998,
        3.10815705402,
        3.11837018002,
        3.1345887170199997,
        3.14467181402,
        3.13108180302,
        3.11145171002
      ],
      "exit_codes": [
        0,
        0,
        0,
        0,
        0,
        0,
        0,
        0,
        0,
        0
      ],
      "parameters": {
        "python": ".bytewax-dea24dd/bin/python"
      }
    },
    {
      "command": ".bytewax-2fa6676/bin/python -m bytewax.run \"dataflows.partitioned:get_flow(long_input=False, heavy_map=True)\" -p16",
      "mean": 3.1030309123200004,
      "stddev": 0.020888057579706684,
      "median": 3.09779655952,
      "user": 18.040589399999998,
      "system": 8.875350939999999,
      "min": 3.07472319202,
      "max": 3.14036799302,
      "times": [
        3.11833747102,
        3.12154998802,
        3.07472319202,
        3.08406078602,
        3.08608711802,
        3.0979545750199997,
        3.09763854402,
        3.14036799302,
        3.08985919602,
        3.11973026002
      ],
      "exit_codes": [
        0,
        0,
        0,
        0,
        0,
        0,
        0,
        0,
        0,
        0
      ],
      "parameters": {
        "python": ".bytewax-2fa6676/bin/python"
      }
    },
    {
      "command": ".bytewax-9ae21a2/bin/python -m bytewax.run \"dataflows.partitioned:get_flow(long_input=False, heavy_map=True)\" -p16",
      "mean": 3.0963607290199997,
      "stddev": 0.018412151547643824,
      "median": 3.09675843552,
      "user": 17.972459200000003,
      "system": 8.85192854,
      "min": 3.0632068710199998,
      "max": 3.12212189702,
      "times": [
        3.12212189702,
        3.0632068710199998,
        3.07152321402,
        3.1067851960199997,
        3.0962675110199998,
        3.09536312402,
        3.0972493600199997,
        3.08838359702,
        3.10646971602,
        3.1162368040199997
      ],
      "exit_codes": [
        0,
        0,
        0,
        0,
        0,
        0,
        0,
        0,
        0,
        0
      ],
      "parameters": {
        "python": ".bytewax-9ae21a2/bin/python"
      }
    },
    {
      "command": ".bytewax-8b5a9d7/bin/python -m bytewax.run \"dataflows.partitioned:get_flow(long_input=False, heavy_map=True)\" -p16",
      "mean": 2.88992753502,
      "stddev": 0.4146680228326508,
      "median": 3.08006958052,
      "user": 17.986809700000002,
      "system": 8.83321284,
      "min": 2.0892595200199997,
      "max": 3.10516544502,
      "times": [
        3.0988307370199997,
        3.0801937970199997,
        3.0714261120199997,
        3.09817546702,
        3.08000306302,
        3.10516544502,
        3.08013609802,
        2.0892595200199997,
        2.11778373202,
        3.07830137902
      ],
      "exit_codes": [
        0,
        0,
        0,
        0,
        0,
        0,
        0,
        0,
        0,
        0
      ],
      "parameters": {
        "python": ".bytewax-8b5a9d7/bin/python"
      }
    }
  ]
}
