{
  "results": [
    {
      "command": ".bytewax-v0.16.0/bin/python -m bytewax.run \"dataflows.partitioned:get_flow(long_input=True, heavy_map=False)\" -p16",
      "mean": 6.41071496344,
      "stddev": 0.01252127525556503,
      "median": 6.40994787934,
      "user": 48.54002215999999,
      "system": 38.090253819999994,
      "min": 6.39522604034,
      "max": 6.43392337434,
      "times": [
        6.39914270934,
        6.40259964934,
        6.40823074134,
        6.39522604034,
        6.43392337434,
        6.41166501734,
        6.40094903434,
        6.41281588134,
        6.42843445034,
        6.41416273634
      ],
      "user_times": [
        48.395493959999996,
        49.046922959999996,
        46.18785096,
        49.24203196,
        47.46255995999999,
        48.385278959999994,
        48.688254959999995,
        51.62380596,
        47.24464595999999,
        49.12337596
      ],
      "system_times": [
        38.767690619999996,
        37.52456162,
        38.442352619999994,
        37.74266962,
        38.723058619999996,
        37.758662619999996,
        37.716484619999996,
        38.55739162,
        37.999034619999996,
        37.670631619999995
      ],
      "exit_codes": [
        0,
        0,
        0,
        0,
        0,
        0,
        0,
        0,
        0,
        0
      ],
      "parameters": {
        "python": ".bytewax-v0.16.0/bin/python"
      }
    },
    {
      "command": ".bytewax-7b8caa3/bin/python -m bytewax.run \"dataflows.partitioned:get_flow(long_input=True, heavy_map=False)\" -p16",
      "mean": 6.38081499074,
      "stddev": 0.003355995195315526,
      "median": 6.37991070034,
      "user": 3.7864919599999993,
      "system": 5.89577732,
      "min": 6.37693692734,
      "max": 6.38666940734,
      "times": [
        6.37693692734,
        6.38071380834,
        6.37910759234,
        6.38666940734,
        6.38327140334,
        6.37897910334,
        6.38556648734,
        6.37772913034,
        6.3780696823400005,
        6.38110636534
      ],
      "user_times": [
        3.84993296,
        3.8962749599999995,
        3.64234096,
        3.8791549599999997,
        3.80808696,
        3.8883419599999995,
        3.66791396,
        3.63911296,
        3.6374499599999996,
        3.9563099599999996
      ],
      "system_times": [
        5.91673762,
        5.96596262,
        5.87812162,
        5.83026862,
        5.759592619999999,
        5.98292662,
        6.04976662,
        5.889866619999999,
        5.963111619999999,
        5.72141862
      ],
      "exit_codes": [
        0,
        0,
        0,
        0,
        0,
        0,
        0,
        0,
        0,
        0
      ],
      "parameters": {
        "python": ".bytewax-7b8caa3/bin/python"
      }
    }
  ]
}
