{
  "results": [
    {
      "command": ".bytewax-v0.16.0/bin/python -m bytewax.run \"dataflows.partitioned:get_flow(long_input=True, heavy_map=True)\" -p16",
      "mean": 7.10203322694,
      "stddev": 0.1031864604775384,
      "median": 7.0797114282399995,
      "user": 59.521784419999996,
      "system": 40.23659464,
      "min": 6.95533521774,
      "max": 7.30987718474,
      "times": [
        7.02317321274,
        7.03393139874,
        7.03827439274,
        7.06679903974,
        7.09262381674,
        7.30987718474,
        7.15444488574,
        6.95533521774,
        7.14088884674,
        7.20498427374
      ],
      "exit_codes": [
        0,
        0,
        0,
        0,
        0,
        0,
        0,
        0,
        0,
        0
      ],
      "parameters": {
        "python": ".bytewax-v0.16.0/bin/python"
      }
    },
    {
      "command": ".bytewax-main/bin/python -m bytewax.run \"dataflows.partitioned:get_flow(long_input=True, heavy_map=True)\" -p16",
      "mean": 7.1798444754399995,
      "stddev": 0.1686027033664702,
      "median": 7.12598738874,
      "user": 62.67000922,
      "system": 39.00523334,
      "min": 6.92959668974,
      "max": 7.47849973074,
      "times": [
        7.0464387217399995,
        7.16296190974,
        7.34085237974,
        7.38396462574,
        7.1358875057399995,
        7.47849973074,
        7.11347473974,
        6.92959668974,
        7.11608727174,
        7.09068117974
      ],
      "exit_codes": [
        0,
        0,
        0,
        0,
        0,
        0,
        0,
        0,
        0,
        0
      ],
      "parameters": {
        "python": ".bytewax-main/bin/python"
      }
    },
    {
      "command": ".bytewax-7b8caa3/bin/python -m bytewax.run \"dataflows.partitioned:get_flow(long_input=True, heavy_map=True)\" -p16",
      "mean": 6.555307267240001,
      "stddev": 0.040191013854187524,
      "median": 6.53965973524,
      "user": 10.50095982,
      "system": 9.66952024,
      "min": 6.51511749074,
      "max": 6.64470434174,
      "times": [
        6.64470434174,
        6.54042116074,
        6.58048210374,
        6.51511749074,
        6.59778612474,
        6.53566330574,
        6.54352389474,
        6.52583997774,
        6.53063596274,
        6.5388983097399995
      ],
      "exit_codes": [
        0,
        0,
        0,
        0,
        0,
        0,
        0,
        0,
        0,
        0
      ],
      "parameters": {
        "python": ".bytewax-7b8caa3/bin/python"
      }
    },
    {
      "command": ".bytewax-08939c7/bin/python -m bytewax.run \"dataflows.partitioned:get_flow(long_input=True, heavy_map=True)\" -p16",
      "mean": 6.53532113844,
      "stddev": 0.026694916361461908,
      "median": 6.53952449424,
      "user": 10.290635720000001,
      "system": 9.694237140000002,
      "min": 6.49238692674,
      "max": 6.56655948474,
      "times": [
        6.49238692674,
        6.55938100674,
        6.55372541574,
        6.56462437674,
        6.53753180574,
        6.50164878874,
        6.5137180817399996,
        6.52211831474,
        6.54151718274,
        6.56655948474
      ],
      "exit_codes": [
        0,
        0,
        0,
        0,
        0,
        0,
        0,
        0,
        0,
        0
      ],
      "parameters": {
        "python": ".bytewax-08939c7/bin/python"
      }
    }
  ]
}
