{
  "results": [
    {
      "command": ".bytewax-v0.16.0/bin/python -m bytewax.run \"dataflows.partitioned:get_flow(long_input=False, heavy_map=False)\" -p16",
      "mean": 1.1574892763200002,
      "stddev": 0.02317020665475134,
      "median": 1.15126918542,
      "user": 3.44466462,
      "system": 1.20967626,
      "min": 1.13758732142,
      "max": 1.21783389742,
      "times": [
        1.15815591942,
        1.15075488942,
        1.14692077242,
        1.1517834814199999,
        1.14183948142,
        1.16907757442,
        1.14252093442,
        1.21783389742,
        1.15841849142,
        1.13758732142
      ],
      "user_times": [
        2.7463915199999995,
        2.7670145199999996,
        2.6127515199999998,
        2.7506845199999996,
        2.58736752,
        5.74696352,
        6.27383352,
        3.7301215199999995,
        2.7879775199999997,
        2.4435405199999995
      ],
      "system_times": [
        1.17233876,
        1.12005176,
        1.17360176,
        1.1130457599999999,
        1.15176176,
        1.34201876,
        1.42827976,
        1.21247676,
        1.24396076,
        1.13922676
      ],
      "exit_codes": [
        0,
        0,
        0,
        0,
        0,
        0,
        0,
        0,
        0,
        0
      ],
      "parameters": {
        "python": ".bytewax-v0.16.0/bin/python"
      }
    },
    {
      "command": ".bytewax-7b8caa3/bin/python -m bytewax.run \"dataflows.partitioned:get_flow(long_input=False, heavy_map=False)\" -p16",
      "mean": 1.13435869802,
      "stddev": 0.003790711003537328,
      "median": 1.13319334992,
      "user": 1.26293662,
      "system": 1.1199726599999997,
      "min": 1.12995237642,
      "max": 1.14286840242,
      "times": [
        1.12995237642,
        1.13294382342,
        1.1355817504199999,
        1.1343115824199999,
        1.13233077542,
        1.13192733842,
        1.13344287642,
        1.13842997142,
        1.1317980834199999,
        1.14286840242
      ],
      "user_times": [
        1.27783052,
        1.24124352,
        1.29875352,
        1.11964152,
        1.24840652,
        1.18970952,
        1.33195052,
        1.28015652,
        1.27280152,
        1.36887252
      ],
      "system_times": [
        1.13118576,
        1.19921076,
        1.11822976,
        1.17543176,
        1.05407876,
        1.07842076,
        1.11959276,
        1.12103176,
        1.18507576,
        1.01746876
      ],
      "exit_codes": [
        0,
        0,
        0,
        0,
        0,
        0,
        0,
        0,
        0,
        0
      ],
      "parameters": {
        "python": ".bytewax-7b8caa3/bin/python"
      }
    }
  ]
}
