{
  "results": [
    {
      "command": ".bytewax-main/bin/python -m bytewax.run \"dataflows.partitioned:get_flow(long_input=True, heavy_map=False)\" -p16",
      "mean": 6.46833885858,
      "stddev": 0.01218720980107044,
      "median": 6.47193635218,
      "user": 50.9372566,
      "system": 37.020569880000004,
      "min": 6.44104526318,
      "max": 6.48042623218,
      "times": [
        6.44104526318,
        6.48042623218,
        6.45495212518,
        6.46939853018,
        6.47347226918,
        6.46407085318,
        6.47064534518,
        6.47907490918,
        6.47707569918,
        6.47322735918
      ],
      "exit_codes": [
        0,
        0,
        0,
        0,
        0,
        0,
        0,
        0,
        0,
        0
      ],
      "parameters": {
        "python": ".bytewax-main/bin/python"
      }
    },
    {
      "command": ".bytewax-08939c7/bin/python -m bytewax.run \"dataflows.partitioned:get_flow(long_input=True, heavy_map=False)\" -p16",
      "mean": 6.3801835661799995,
      "stddev": 0.014814798789140717,
      "median": 6.375664174180001,
      "user": 3.5787211999999995,
      "system": 5.9979692799999995,
      "min": 6.37204237818,
      "max": 6.42207283518,
      "times": [
        6.42207283518,
        6.37511310118,
        6.3755140931800005,
        6.37204237818,
        6.37386245518,
        6.37794663618,
        6.37581425518,
        6.37549622618,
        6.37739947418,
        6.37657420718
      ],
      "exit_codes": [
        0,
        0,
        0,
        0,
        0,
        0,
        0,
        0,
        0,
        0
      ],
      "parameters": {
        "python": ".bytewax-08939c7/bin/python"
      }
    },
    {
      "command": ".bytewax-af89c20/bin/python -m bytewax.run \"dataflows.partitioned:get_flow(long_input=True, heavy_map=False)\" -p16",
      "mean": 6.37526561198,
      "stddev": 0.0038415226008550215,
      "median": 6.375643478680001,
      "user": 2.1713984,
      "system": 1.6324443800000001,
      "min": 6.36853650118,
      "max": 6.38059334618,
      "times": [
        6.38059334618,
        6.37184545618,
        6.36853650118,
        6.38036622018,
        6.37691688718,
        6.37309348818,
        6.37683799918,
        6.37444895818,
        6.37732380718,
        6.37269345618
      ],
      "exit_codes": [
        0,
        0,
        0,
        0,
        0,
        0,
        0,
        0,
        0,
        0
      ],
      "parameters": {
        "python": ".bytewax-af89c20/bin/python"
      }
    }
  ]
}
