{
  "results": [
    {
      "command": ".bytewax-v0.16.0/bin/python -m bytewax.run \"dataflows.partitioned:get_flow(long_input=False, heavy_map=False)\" -p16",
      "mean": 1.1580549571599998,
      "stddev": 0.015517665170573841,
      "median": 1.15976827936,
      "user": 4.1394681,
      "system": 1.28865016,
      "min": 1.13896839886,
      "max": 1.18487543886,
      "times": [
        1.16308218886,
        1.17482782886,
        1.16832857286,
        1.14092139286,
        1.13896839886,
        1.14893563286,
        1.18487543886,
        1.15930081486,
        1.16023574386,
        1.14107355886
      ],
      "exit_codes": [
        0,
        0,
        0,
        0,
        0,
        0,
        0,
        0,
        0,
        0
      ],
      "parameters": {
        "python": ".bytewax-v0.16.0/bin/python"
      }
    },
    {
      "command": ".bytewax-7b8caa3/bin/python -m bytewax.run \"dataflows.partitioned:get_flow(long_input=False, heavy_map=False)\" -p16",
      "mean": 1.1331364277599998,
      "stddev": 0.008949563534953058,
      "median": 1.13094088836,
      "user": 1.2237996999999998,
      "system": 1.12798816,
      "min": 1.12805272686,
      "max": 1.15823720086,
      "times": [
        1.15823720086,
        1.13065693586,
        1.12968915286,
        1.13122484086,
        1.13270303086,
        1.12805272686,
        1.13183521586,
        1.12811656986,
        1.13128523186,
        1.12956337186
      ],
      "exit_codes": [
        0,
        0,
        0,
        0,
        0,
        0,
        0,
        0,
        0,
        0
      ],
      "parameters": {
        "python": ".bytewax-7b8caa3/bin/python"
      }
    },
    {
      "command": ".bytewax-08939c7/bin/python -m bytewax.run \"dataflows.partitioned:get_flow(long_input=False, heavy_map=False)\" -p16",
      "mean": 1.11345040066,
      "stddev": 0.0016899138832522603,
      "median": 1.11314580186,
      "user": 1.2157863,
      "system": 1.09008666,
      "min": 1.1114198098599999,
      "max": 1.11696861086,
      "times": [
        1.11309634386,
        1.1114198098599999,
        1.11401031186,
        1.11169678686,
        1.11412431286,
        1.11319525986,
        1.11253684486,
        1.11696861086,
        1.11517343386,
        1.11228229186
      ],
      "exit_codes": [
        0,
        0,
        0,
        0,
        0,
        0,
        0,
        0,
        0,
        0
      ],
      "parameters": {
        "python": ".bytewax-08939c7/bin/python"
      }
    }
  ]
}
