{
  "results": [
    {
      "command": ".bytewax-v0.16.0/bin/python -m bytewax.run \"dataflows.partitioned:get_flow(long_input=False, heavy_map=True)\" -p16",
      "mean": 3.5211538617199993,
      "stddev": 0.2223771907571293,
      "median": 3.57539895962,
      "user": 32.00869367999999,
      "system": 11.79301246,
      "min": 3.0444635181199997,
      "max": 3.84179956712,
      "times": [
        3.0444635181199997,
        3.36166706712,
        3.59446098312,
        3.66152784212,
        3.55818835512,
        3.84179956712,
        3.70846186612,
        3.46963709912,
        3.3787227551199996,
        3.59260956412
      ],
      "exit_codes": [
        0,
        0,
        0,
        0,
        0,
        0,
        0,
        0,
        0,
        0
      ],
      "parameters": {
        "python": ".bytewax-v0.16.0/bin/python"
      }
    },
    {
      "command": ".bytewax-main/bin/python -m bytewax.run \"dataflows.partitioned:get_flow(long_input=False, heavy_map=True)\" -p16",
      "mean": 3.56038934702,
      "stddev": 0.12428737299663895,
      "median": 3.55934525612,
      "user": 34.271241380000006,
      "system": 11.13177956,
      "min": 3.39159948812,
      "max": 3.7319854541199997,
      "times": [
        3.40682827912,
        3.4496511271199997,
        3.69918144512,
        3.7319854541199997,
        3.53719180912,
        3.58149870312,
        3.48737512712,
        3.6665652761199996,
        3.39159948812,
        3.65201676112
      ],
      "exit_codes": [
        0,
        0,
        0,
        0,
        0,
        0,
        0,
        0,
        0,
        0
      ],
      "parameters": {
        "python": ".bytewax-main/bin/python"
      }
    },
    {
      "command": ".bytewax-7b8caa3/bin/python -m bytewax.run \"dataflows.partitioned:get_flow(long_input=False, heavy_map=True)\" -p16",
      "mean": 3.1180571704199997,
      "stddev": 0.019628144689314394,
      "median": 3.12540153462,
      "user": 18.292496579999998,
      "system": 10.89419146,
      "min": 3.0926803751199996,
      "max": 3.1395529501199997,
      "times": [
        3.13866470712,
        3.10181264612,
        3.1395529501199997,
        3.1354309301199996,
        3.09451411412,
        3.13032941712,
        3.0959540721199996,
        3.12047365212,
        3.0926803751199996,
        3.13115884012
      ],
      "exit_codes": [
        0,
        0,
        0,
        0,
        0,
        0,
        0,
        0,
        0,
        0
      ],
      "parameters": {
        "python": ".bytewax-7b8caa3/bin/python"
      }
    },
    {
      "command": ".bytewax-08939c7/bin/python -m bytewax.run \"dataflows.partitioned:get_flow(long_input=False, heavy_map=True)\" -p16",
      "mean": 3.12532639362,
      "stddev": 0.03096624494411385,
      "median": 3.12255360462,
      "user": 18.37581758,
      "system": 11.06450236,
      "min": 3.0870338831199997,
      "max": 3.1912013181199996,
      "times": [
        3.12550976612,
        3.10903777312,
        3.11959744312,
        3.14178926012,
        3.08833160912,
        3.1912013181199996,
        3.0870338831199997,
        3.1377102771199996,
        3.1456351891199996,
        3.1074174171199997
      ],
      "exit_codes": [
        0,
        0,
        0,
        0,
        0,
        0,
        0,
        0,
        0,
        0
      ],
      "parameters": {
        "python": ".bytewax-08939c7/bin/python"
      }
    }
  ]
}
