{
  "results": [
    {
      "command": ".bytewax-v0.16.0/bin/python -m bytewax.run \"dataflows.partitioned:get_flow(long_input=True, heavy_map=False)\" -p16",
      "mean": 6.457847924640001,
      "stddev": 0.021474726277043638,
      "median": 6.46282446974,
      "user": 48.77639218,
      "system": 39.77148174,
      "min": 6.41348907274,
      "max": 6.49232433274,
      "times": [
        6.41348907274,
        6.49232433274,
        6.47152194474,
        6.45251415874,
        6.46365126674,
        6.46199767274,
        6.43986974074,
        6.46940596974,
        6.44525443574,
        6.46845065174
      ],
      "exit_codes": [
        0,
        0,
        0,
        0,
        0,
        0,
        0,
        0,
        0,
        0
      ],
      "parameters": {
        "python": ".bytewax-v0.16.0/bin/python"
      }
    },
    {
      "command": ".bytewax-7b8caa3/bin/python -m bytewax.run \"dataflows.partitioned:get_flow(long_input=True, heavy_map=False)\" -p16",
      "mean": 6.38012278134,
      "stddev": 0.014011167922192697,
      "median": 6.375659882739999,
      "user": 3.8505452799999995,
      "system": 5.92925164,
      "min": 6.37210093574,
      "max": 6.41908188574,
      "times": [
        6.41908188574,
        6.3761027197399995,
        6.3752170457399995,
        6.37400828474,
        6.38280087074,
        6.37210093574,
        6.37700050974,
        6.37751679174,
        6.37306399574,
        6.37433477374
      ],
      "exit_codes": [
        0,
        0,
        0,
        0,
        0,
        0,
        0,
        0,
        0,
        0
      ],
      "parameters": {
        "python": ".bytewax-7b8caa3/bin/python"
      }
    },
    {
      "command": ".bytewax-08939c7/bin/python -m bytewax.run \"dataflows.partitioned:get_flow(long_input=True, heavy_map=False)\" -p16",
      "mean": 6.37429209404,
      "stddev": 0.0025878355714865314,
      "median": 6.374318951239999,
      "user": 3.6900268800000005,
      "system": 5.7844719399999995,
      "min": 6.36974587274,
      "max": 6.37885677574,
      "times": [
        6.37487271974,
        6.37618928374,
        6.36974587274,
        6.37376518274,
        6.37885677574,
        6.37186656774,
        6.37369020074,
        6.37238942674,
        6.37616294474,
        6.37538196574
      ],
      "exit_codes": [
        0,
        0,
        0,
        0,
        0,
        0,
        0,
        0,
        0,
        0
      ],
      "parameters": {
        "python": ".bytewax-08939c7/bin/python"
      }
    }
  ]
}
