{
  "results": [
    {
      "command": ".bytewax-v0.16.0/bin/python -m bytewax.run \"dataflows.partitioned:get_flow(long_input=True, heavy_map=False)\" -p16",
      "mean": 6.48011511762,
      "stddev": 0.019642200713590362,
      "median": 6.480048113720001,
      "user": 47.295598,
      "system": 39.378612600000004,
      "min": 6.43441961022,
      "max": 6.50397722322,
      "times": [
        6.43441961022,
        6.50397722322,
        6.498018678219999,
        6.4946535682199995,
        6.4699620402199995,
        6.47322346122,
        6.47894630622,
        6.48114992122,
        6.47603945122,
        6.49076091622
      ],
      "exit_codes": [
        0,
        0,
        0,
        0,
        0,
        0,
        0,
        0,
        0,
        0
      ],
      "parameters": {
        "python": ".bytewax-v0.16.0/bin/python"
      }
    },
    {
      "command": ".bytewax-7b8caa3/bin/python -m bytewax.run \"dataflows.partitioned:get_flow(long_input=True, heavy_map=False)\" -p16",
      "mean": 6.39194371572,
      "stddev": 0.015897193910222387,
      "median": 6.38889790422,
      "user": 3.8735437999999993,
      "system": 5.9606392999999995,
      "min": 6.37603701722,
      "max": 6.43491404222,
      "times": [
        6.43491404222,
        6.37603701722,
        6.39320095022,
        6.38830444122,
        6.39125277522,
        6.38719558822,
        6.38222789622,
        6.39082867622,
        6.38949136722,
        6.385984403219999
      ],
      "exit_codes": [
        0,
        0,
        0,
        0,
        0,
        0,
        0,
        0,
        0,
        0
      ],
      "parameters": {
        "python": ".bytewax-7b8caa3/bin/python"
      }
    }
  ]
}
